bucket,domain,url,tranco_rank,predicted_model,model_confidence,predicted_industry,predicted_revenue,revenue_confidence,is_real_business,model_ok,true_model,industry_ok,true_industry,true_revenue,true_employees,notes
shopify,alphaplussize.com,https://alphaplussize.com/,,Ecommerce,0.74,,<$1M,0.78,y,y,Ecommerce,n,Plus-size women's fashion retail,<$1M,1-10,"AI: fetch OK; Shopify store (Viraloot SARL) selling plus-size tops, dresses and jewelry, 500+ SKUs but generic catalog with US phone and no team page, so small operation."
shopify,coleandchloe-shop.com,https://coleandchloe-shop.com/,,Ecommerce,0.74,,<$1M,0.76,y,y,Ecommerce,n,Women's and men's fashion retail,<$1M,1-10,"AI: fetch OK; GJB E-commerce fashion store (warehouse Lomme FR, HQ NL) with 250+ listed items, looks like a small import/dropship fashion shop, no scale evidence beyond catalog."
shopify,not4hype.com,https://not4hype.com/,,Ecommerce,0.72,,<$1M,0.81,y,y,Ecommerce,n,Streetwear apparel brand,<$1M,1-10,"AI: fetch OK; South Central LA streetwear brand founded 2019 selling drops via Shopify with SMS early-access signup, small hype brand with no team or store count."
shopify,cavita.nl,https://cavita.nl/,,Ecommerce,0.72,,<$1M,0.9,n,n,Junk,n,,,,"AI: fetch OK; Shopify password page titled 'Mijn winkel' showing 'Opening soon' with no products or business details, a coming-soon shell."
shopify,collectiblesunlimited.biz,https://collectiblesunlimited.biz/,3370540,Ecommerce,0.86,,<$1M,0.86,y,y,Ecommerce,n,Comics and tabletop games retail,<$1M,1-10,"AI: fetch OK; single comic and game shop at 25 South Street Concord NH with a full Shopify catalog (500+ SKUs, subscriptions) shipping nationally, one storefront so under $1M."
shopify,coronadocasualsparts.com,https://coronadocasualsparts.com/,,Ecommerce,0.74,,<$1M,0.78,y,y,Ecommerce,n,Outdoor furniture replacement parts,$1M-$10M,11-50,"AI: fetch OK; online store for replacement parts of Coronado Casuals patio furniture sold through Costco, Sam's Club, Target and Home Depot, 100+ collections and a toll-free support line imply a mid-size importer behind it."
shopify,lotelle.com,https://lotelle.com/,,Ecommerce,0.88,,<$1M,0.76,y,y,Ecommerce,n,Amusement and arcade electronics,<$1M,1-10,"AI: fetch OK; UK Ltd (reg 05890664, Wimborne Dorset) selling crane-machine kits, hazer fluid and LED floor hire via a 25-product Shopify store, single unit address so a micro business."
shopify,1der1.be,https://1der1.be/,,Ecommerce,0.73,Marketing,<$1M,0.76,y,n,SaaS,n,Website builder software,<$1M,1-10,"AI: fetch OK via redirect to 1der1.com; DIY AI website builder and review-aggregation tool for local businesses on a freemium plan, one named founder, so tiny SaaS not a store despite Shopify on the tech stack."
shopify,skituning.io,https://skituning.io/,,Ecommerce,0.74,,<$1M,0.73,y,y,Ecommerce,n,Ski tuning supplies retail,<$1M,1-10,"AI: fetch OK; Shopify store selling ski wax and irons (Swix, Toko, Wintersteiger), 48 products, contact via a universalexports.io mailbox, small reseller."
shopify,clefbeauty.com,https://clefbeauty.com/,,Ecommerce,0.72,,<$1M,0.93,y,y,Ecommerce,n,Natural skincare brand,$1M-$10M,11-50,"AI: fetch OK; CLEF Marketing Sdn Bhd Malaysian D2C skincare brand with dozens of SKUs across skincare, hair and fragrance plus Klaviyo and Loox reviews, established brand so low seven figures estimated."
shopify,troyleedesigns.com,https://troyleedesigns.com/,270098,Ecommerce,0.99,Fashion,$10M-$100M,0.82,y,y,Ecommerce,n,Motocross and MTB helmets and gear,$10M-$100M,51-200,"AI: fetch OK; well-known Corona CA helmet and apparel brand since 1981 with US, CA, EU, UK, DE storefronts, dealer program and pro race teams, Tranco 270k, site is the brand's web store."
shopify,tokamini.com,https://tokamini.com/,,Ecommerce,0.9,Ecommerce & Retail,<$1M,0.84,y,y,Ecommerce,n,Handmade ceramics,<$1M,1-10,"AI: fetch OK; small independent pottery studio in North East England selling mugs and vases, nearly everything sold out, plus workshops, a one-maker business."
shopify,innaebeauty.com,https://innaebeauty.com/,,Ecommerce,0.99,Beauty,$1M-$10M,0.81,y,y,Ecommerce,y,Beauty and cosmetics brand,<$1M,1-10,"AI: fetch OK; single-product mascara brand (Shopify count 1) marketed through TikTok creators in US and CA, far too small for the predicted $1M-$10M."
shopify,aleco.es,https://aleco.es/,,Ecommerce,0.72,,<$1M,0.76,y,y,Ecommerce,n,Candle-making wax wholesale,<$1M,1-10,"AI: fetch OK; wax wholesaler in Elda, Alicante selling soy and beeswax by pallet and retail through a 12-product Shopify store, single site and mobile number only."
shopify,collectorcon.co.uk,https://collectorcon.co.uk/,,Ecommerce,0.99,,<$1M,0.76,y,y,Ecommerce,n,Trading card game retail,<$1M,1-10,"AI: fetch OK; UK Pokemon and Lorcana TCG store with 148 products, graded cards and a Manchester TCG fair, celebrating its 1000th order so a young small shop."
shopify,furrynest.us,https://furrynest.us/,,Ecommerce,0.88,,<$1M,0.86,n,n,Junk,n,,,,"AI: fetch OK; claims to sell pet ramps but the catalog is hotel pans, forklift attachments and hydraulic jacks with no about page, a throwaway dropshipping shell with 500 unrelated SKUs."
shopify,oasebeauty.com,https://oasebeauty.com/,,Ecommerce,0.72,,$1M-$10M,0.83,y,y,Ecommerce,n,Vitamins and supplements retail,$1M-$10M,11-50,"AI: fetch OK via redirect to bono.nl; Dutch supplement webshop since 2014 with 4,000+ products from 50+ brands and 18,472 Trusted Shops reviews at 4.87, named team of four, low seven figures estimated from review volume."
shopify,awedit.co,https://awedit.co/,,Ecommerce,0.72,,$1M-$10M,0.65,y,n,Agency,n,Conversion rate optimization services,<$1M,1-10,"AI: fetch OK via redirect to impactcro.com; Shopify CRO and UX audit service priced from $1,500 with a team of three strategists and 200+ client brands claimed, a service agency not a store."
shopify,vermontpureherbs.com,https://vermontpureherbs.com/,,Ecommerce,0.99,,<$1M,0.76,y,y,Ecommerce,n,Herbal tinctures and remedies,<$1M,1-10,"AI: fetch OK; Vermont grower selling own herbal tinctures, glycerites, salves and honey via Shopify, no team or scale claims, a micro farm brand."
shopify,chemcore.com,https://chemcore.com/,2502938,Ecommerce,0.88,,<$1M,0.76,y,y,Ecommerce,n,Kitchen and bath sinks distribution,$1M-$10M,11-50,"AI: fetch OK; Chemcore Industries sells stainless, fireclay and cast iron sinks plus faucets online with same-day shipping, toll-free line and contractor testimonials, Tranco 2.5M, established distributor."
shopify,daringcoltprinting.com.au,https://daringcoltprinting.com.au/,,Ecommerce,0.74,,<$1M,0.66,y,y,Ecommerce,n,3D printing filament retail,<$1M,1-10,"AI: fetch OK; Australian Shopify store selling PETG, PLA and ASA filament plus custom prints, roughly 15-20 SKUs, a maker-scale business."
shopify,tradebayuk.com,https://tradebayuk.com/,,Ecommerce,0.88,,<$1M,0.61,y,y,Ecommerce,n,Packaging supplies retail,<$1M,1-10,"AI: fetch OK; Trade-Bay Ltd (Preston, company 09616143) selling mailing bags, tape and batteries from a 127-product Shopify store with one warehouse, small trader."
shopify,luvblanks.com.au,https://luvblanks.com.au/,,Ecommerce,0.99,,<$1M,0.69,y,y,Ecommerce,n,Craft blanks retail,<$1M,1-10,"AI: fetch OK; Australian-made acrylic and timber craft blanks, 5 products priced under a few dollars, a hobby-scale store."
shopify,theshirtguy.net,https://theshirtguy.net/,,Ecommerce,0.72,,<$1M,0.73,y,y,Ecommerce,n,Graphic t-shirts,<$1M,1-10,"AI: fetch OK; The Kripple Kangaroo Shopify store selling culturally themed graphic tees, five-item carousel and no company details, a one-person brand."
shopify,dallagreen.com,https://dallagreen.com/,,Ecommerce,0.86,,<$1M,0.76,y,y,Ecommerce,n,Wood floor care products,<$1M,1-10,"AI: fetch OK; sole trader Dall'Agata Andrea (VAT IT04165910409) in Castrocaro Terme reselling WOCA parquet cleaning products, 24 SKUs and an Amazon storefront."
shopify,follosdesign.com,https://follosdesign.com/,,Ecommerce,0.92,Home & Garden,<$1M,0.73,y,y,Ecommerce,y,Handcrafted oak furniture,<$1M,1-10,"AI: fetch OK; French artisan workshop making ancient oak farm tables (EUR 350 to 5,260) with 86 products and the founder's direct phone number, small atelier."
shopify,kacexoticplantcollective.com,https://kacexoticplantcollective.com/,,Ecommerce,0.74,,<$1M,0.83,y,y,Ecommerce,n,Rare houseplant retail,<$1M,1-10,"AI: fetch OK; Shopify shop for Alocasia, Anthurium and Monstera imports with live-selling events and an import deposit program, small collector business."
shopify,shelasetonjewellery.com,https://shelasetonjewellery.com/,,Ecommerce,0.99,,<$1M,0.86,y,y,Ecommerce,n,Handmade silver jewellery,<$1M,1-10,"AI: fetch OK; Kenyan-rooted silversmith selling a handful of rings and earrings ($67-$178) and showing at Milano Jewelry Week 2025, a solo artisan."
shopify,dulcesdetallitosbyjennifer.com,https://dulcesdetallitosbyjennifer.com/,,Ecommerce,0.99,Media & Entertainment,$1M-$10M,0.59,y,n,LocalBusiness,n,Custom bakery,<$1M,1-10,"AI: fetch OK; one-woman cake and cookie workshop in Lajas, Puerto Rico with pickup orders, WhatsApp event quotes and a decorating course, a local bakery whose Shopify cart is for local pickup."
shopify,agamelawest.com,https://agamelawest.com/,,Ecommerce,0.99,,<$1M,0.74,y,y,Ecommerce,n,Men's herbal supplements,<$1M,1-10,"AI: fetch OK; Shopify store selling one herbal male sexual health supplement in 1, 3 and 6 month packs (5 SKUs) with subscriptions, small supplement seller."
shopify,indigenoustreats.ca,https://indigenoustreats.ca/,,Ecommerce,0.99,,$1M-$10M,0.92,y,y,Ecommerce,n,Natural pet treats,<$1M,1-10,"AI: fetch OK; Shades of Gray Indigenous-owned pet treat brand in Roseneath Ontario with 463 site reviews, CBC coverage and wholesale accounts, still a small founder-led brand so below the predicted $1M-$10M."
shopify,vslskin.com,https://vslskin.com/,,Ecommerce,0.72,,<$1M,0.78,n,n,Junk,n,,,,"AI: fetch failed with HTTP 402 from Shopify, which is the frozen or unpaid store response, and curl only reaches the Cloudflare challenge; stored fields carry no title beyond VSLSKIN, so an unavailable store treated as broken."
shopify,clean-brick.com,https://clean-brick.com/,,Ecommerce,0.72,,<$1M,0.83,y,n,LocalBusiness,n,Junk removal and hauling,<$1M,1-10,"AI: fetch OK via redirect to cleanbrickconstruction.com; Long Beach CA junk removal, hauling and moving service with online booking and contractor IDs, the Shopify 'products' are service bookings."
shopify,hannagoldbergmusic.com,https://hannagoldbergmusic.com/,,Ecommerce,0.94,,<$1M,0.76,y,y,Ecommerce,n,Musician merchandise,<$1M,1-10,"AI: fetch OK; independent artist's Shopify merch store with 6 items ($2.37-$35), sells goods so not junk but negligible scale."
shopify,superpacificusa.com,https://superpacificusa.com/,,Ecommerce,0.72,,$1M-$10M,0.93,y,n,Manufacturer,n,Truck campers,$1M-$10M,11-50,"AI: fetch OK; Portland OR company founded 2020 that builds the X1 wedge camper and CloudCap in-house, sells through a dealer network with 6-week lead times and 200+ Google reviews, a maker not a web store."
shopify,seminaecura.com,https://seminaecura.com/,,Ecommerce,0.88,,<$1M,0.85,y,y,Ecommerce,n,Organic herbal supplements and cosmetics,<$1M,1-10,"AI: fetch OK via redirect to seminaecura.it; organic farm in Isera, Trentino founded 2023 by a single former army officer selling 29 supplements, oils and cosmetics online, micro business."
shopify,whitelabeleg.com,https://whitelabeleg.com/,,Ecommerce,0.92,,<$1M,0.73,y,y,Ecommerce,n,Resort wear boutique,<$1M,1-10,"AI: fetch OK; Egyptian linen resort-wear brand priced in EGP with 11-13 products and Instagram-only support, small boutique."
shopify,culusa.com,https://culusa.com/,,Ecommerce,0.77,,<$1M,0.91,y,y,Ecommerce,n,Patriotic apparel,<$1M,1-10,"AI: fetch OK via redirect to cultureandcountryusa.com; American-themed tees, hoodies and hats (80 SKUs) that look print-on-demand, no company details, small seller."
shopify,humbleuno.com,https://humbleuno.com/,,Ecommerce,0.99,Fashion,<$1M,0.65,y,y,Ecommerce,y,Casual apparel brand,<$1M,1-10,"AI: fetch OK; HumbleUno t-shirt brand with four featured products and $75 free shipping threshold, a one-person clothing label."
shopify,jaixj.com,https://jaixj.com/,,Ecommerce,0.72,,<$1M,0.83,n,n,Junk,n,,,,"AI: fetch failed with HTTP 402 from Shopify (frozen store response) and curl hits the Cloudflare challenge; web search shows jaixj is a small hip-hop artist (39k Spotify listeners) whose merch store is now unavailable, so broken."
shopify,paragonspirits.com,https://paragonspirits.com/,,Ecommerce,0.92,,<$1M,0.65,y,y,Ecommerce,n,Rare spirits and wine retail,<$1M,1-10,"AI: fetch OK; Shopify store for collectible whiskey, tequila and wine ($80-$2,500) with barrel engraving, no store address or team shown, small specialist retailer."
shopify,charliesdrinksstore.co.uk,https://charliesdrinksstore.co.uk/,,Ecommerce,0.74,,<$1M,0.58,y,n,LocalBusiness,n,Wine and drinks shop,<$1M,1-10,"AI: fetch OK; single bottle shop at 61 Stoke Newington Church Street London with tastings and free local e-cargo bike delivery, the online cart serves the neighbourhood so a local shop."
shopify,metalgutterbrackets.co.uk,https://metalgutterbrackets.co.uk/,,Ecommerce,0.74,,<$1M,0.76,y,y,Ecommerce,n,Gutter brackets and fixings,<$1M,1-10,"AI: fetch OK; Ridley Gutter Brackets hand-forges steel brackets in County Durham and sells 22 products plus wholesale through Shopify, a small maker whose site is the web shop."
shopify,capriccio.es,https://capriccio.es/,,Ecommerce,0.72,,<$1M,0.76,y,n,LocalBusiness,n,Takeaway restaurant,<$1M,1-10,"AI: fetch OK; Capriccio Gourmet is a single takeaway and delivery kitchen in Espartinas, Seville since 2004 open Thursday to Sunday evenings, the Shopify cart is for local food orders."
shopify,litesm.com,https://litesm.com/,,Marketplace,0.49,AI & ML,$1M-$10M,0.94,y,n,SaaS,n,Procurement software,$1M-$10M,51-200,"AI: fetch OK via redirect to lightsource.ai; enterprise AI procurement platform for direct materials with 20,000 suppliers, Fortune 500 customers (BRP, Canada Goose), SOC 2 and Gartner Cool Vendor, venture-backed and hiring, so a SaaS vendor not a marketplace."
shopify,labgrownberlin.de,https://labgrownberlin.de/,,Ecommerce,0.74,,<$1M,0.78,y,y,Ecommerce,n,Lab-grown diamond retail,<$1M,1-10,"AI: fetch OK; Berlin shop selling loose IGI-certified lab diamonds (EUR 259-1,749) in fixed E VVS2 tiers, limited stock and no team, small retailer."
shopify,evergreenelectronicspcexperts.com,https://evergreenelectronicspcexperts.com/,,Ecommerce,0.86,,$1M-$10M,0.55,y,y,Ecommerce,n,Refurbished business computers,$10M-$100M,51-200,"AI: fetch OK via redirect to evergreenelectronics.com; Austin TX refurbisher founded 2016, three-time Inc. 5000 honoree serving 3,000+ clients (schools, MSPs, government) with in-house fulfillment and ITAD, larger than the predicted $1M-$10M."
shopify,evirelle.se,https://evirelle.se/,1652275,Ecommerce,0.9,,<$1M,0.76,y,y,Ecommerce,n,Compression socks retail,<$1M,1-10,"AI: fetch OK; Swedish D2C compression sock shop with 91 SKUs, 10,000+ customers claimed and Tranco 1.65M, order volume implies under $1M."
shopify,icathelabel.com,https://icathelabel.com/,,Ecommerce,0.72,,<$1M,0.78,y,y,Ecommerce,n,Handcrafted jewelry,<$1M,1-10,"AI: fetch OK; ICA The Label sells 17 gold-filled and stainless jewelry pieces with a Desert Drip collection, small independent boutique."
shopify,saraelmsalati.com,https://saraelmsalati.com/,,Ecommerce,0.74,,<$1M,0.69,y,n,LocalBusiness,n,Makeup artist services,<$1M,1-10,"AI: fetch OK on retry; Swiss makeup artist offering bridal, editorial and TV makeup plus lessons via a booking form, solo operator (stored H1 'Coming Soon' is stale)."
shopify,gareis.de,https://gareis.de/,,Ecommerce,0.74,,<$1M,0.76,y,y,Ecommerce,n,Canadian spirits and food retail,<$1M,1-10,"AI: fetch OK; German Shopify store selling Canadian whisky, liqueurs, maple syrup and jerky, several items sold out, no team or store info, small specialist retailer."
shopify,maisonemira.fr,https://maisonemira.fr/,,Ecommerce,0.99,,<$1M,0.72,y,y,Ecommerce,n,Handmade personalized gifts and textiles,<$1M,1-10,"AI: fetch OK after 301 to emiracreation.fr; solo creator Emira sells handmade personalized robes, pajamas, wedding items and baby boxes at 14-45 EUR, 1-10 day production, one-person shop."
shopify,seehappy-box.com,https://seehappy-box.com/,,Ecommerce,0.72,,<$1M,0.61,y,y,Ecommerce,n,Curated gift boxes and corporate gifting,$1M-$10M,11-50,"AI: fetch OK after 301 to thehappybox.ca; Toronto gift box company claiming 60,000 customers, 300+ Canadian makers and corporate clients like Google, TD and Deloitte at 99-149 CAD per box, so above the predicted <$1M."
shopify,snuggyz.com.au,https://snuggyz.com.au/,,Ecommerce,0.99,,$1M-$10M,0.65,y,y,Ecommerce,n,Slippers and boots retail,<$1M,1-10,"AI: fetch hit a password-protected Opening soon page but Judge.me shows 894 reviews so a store is trading; sells UGG-style slippers and boots via Shopify, no scale evidence for the predicted $1M-$10M, low confidence."
shopify,nattoysmodels.com,https://nattoysmodels.com/,2667426,Ecommerce,0.88,,<$1M,0.71,y,y,Ecommerce,n,Scale models and hobby collectibles retail,<$1M,1-10,"AI: fetch OK; Italian Shopify store with 500+ die-cast models, kits and figures at 9-38 EUR, multilingual, Tranco 2.6M, no team or store info, small hobby retailer."
shopify,healz.co,https://healz.co/,,Ecommerce,0.99,,<$1M,0.76,y,y,Ecommerce,n,Foot care products,<$1M,1-10,"AI: fetch OK; single-product Shopify store selling hydrocolloid heel patches, 15 reviews since 2023, one SKU in two sizes."
shopify,hydradynetech.com,https://hydradynetech.com/,,Ecommerce,0.72,Construction & Manufacturing,<$1M,0.75,y,n,Manufacturer,y,Hydraulic components manufacturing,$10M-$100M,51-200,"AI: fetch OK; Hydra Dyne Technology is a 30-year-old Ingersoll, Ontario maker of custom hydraulic cylinders, rotary joints and manifolds with its own CNC and plasma nitriding plant, part of Interpump Group since 2018, so an industrial manufacturer not a web shop despite the Shopify parts catalog; revenue from my knowledge of the Interpump acquisition (low tens of millions CAD)."
shopify,litops.shop,https://litops.shop/,,Ecommerce,0.99,,<$1M,0.81,y,y,Ecommerce,n,Streetwear hoodies and t-shirts,<$1M,1-10,"AI: fetch OK; small Shopify brand with two collections of about 12 hoodies at 50-118 CAD, no team or location, early-stage apparel label."
shopify,violetaelegance.com.br,https://violetaelegance.com.br/,,Ecommerce,0.72,,$1M-$10M,0.49,y,y,Ecommerce,n,Semi-jewelry retail,<$1M,1-10,"AI: fetch OK; Brazilian gold-plated semi-jewelry shop with a 2025-range CNPJ, WhatsApp support and an affiliate program, no evidence for the predicted $1M-$10M."
shopify,vitessetshirts.co.uk,https://vitessetshirts.co.uk/,4200279,Ecommerce,0.86,Fashion,<$1M,0.76,y,y,Ecommerce,y,Print-on-demand apparel,<$1M,1-10,"AI: fetch OK; UK print-on-demand biker, hot rod and surf t-shirts plus a digital magazine, Tranco 4.2M, tiny operation."
shopify,lameperfumes.com,https://lameperfumes.com/,,Ecommerce,0.99,,<$1M,0.78,y,y,Ecommerce,n,Perfume brand,<$1M,1-10,"AI: fetch OK; Egyptian Shopify store with 3 fragrances at 999 EGP, no team or store info."
shopify,tabazycarteraz.com,https://tabazycarteraz.com/,,Ecommerce,0.99,,<$1M,0.69,y,y,Ecommerce,n,Sneaker cleaning products and services,<$1M,11-50,"AI: fetch OK; Peruvian company Calzado TAZ S.A.C. selling sneaker cleaning kits online with 27 products, retail presence in Falabella, Tottus and Promart and at-home cleaning service, 99+ reviews."
shopify,eltamd.com,https://eltamd.com/,183797,Ecommerce,0.97,,$1M-$10M,0.84,y,y,Ecommerce,n,Dermatologist sunscreen and skincare brand,$100M-$1B,51-200,"AI: fetch OK; EltaMD is the number one dermatologist-recommended sunscreen brand, owned by Colgate-Palmolive since 2018, 52 products with physician locator, loyalty program and Tranco 184k; the site is a web store so Ecommerce per the brand rule, but revenue is far above the predicted $1M-$10M based on brand recognition and the acquisition scale."
shopify,annwaltershome.com,https://annwaltershome.com/,,Ecommerce,0.99,,<$1M,0.76,y,y,Ecommerce,n,Embroidered home decor pillows,<$1M,1-10,"AI: fetch OK; about 10 bespoke embroidered pillows at 85-125 USD, 6 reviews, founder-run small business."
shopify,rouelec.fr,https://rouelec.fr/,,Ecommerce,0.67,Fashion,<$1M,0.76,n,n,Junk,n,Reconditioned electric bikes,,,"AI: fetch OK but the homepage is only a maintenance GIF with no products, so an empty shell today; the underlying brand belongs to Plenty France in Vendee and the predicted Fashion industry is wrong either way."
shopify,lornajaneharness.co.uk,https://lornajaneharness.co.uk/,,Ecommerce,0.74,,<$1M,0.78,y,y,Ecommerce,n,Handmade fashion harnesses and accessories,<$1M,1-10,"AI: fetch OK; solo Huddersfield designer selling made-to-measure harnesses, chokers and belts, 256 products, tip jar on site."
shopify,sonogi-okadacha.com,https://sonogi-okadacha.com/,,Ecommerce,0.74,,<$1M,0.76,y,y,Ecommerce,n,Japanese tea wholesale and retail,<$1M,1-10,"AI: fetch OK; Okada Shokai, a Nagasaki tea wholesaler with 65 products, Japan Tea AWARD wins in 2017, 2022 and 2024, phone and fax support, small family firm."
shopify,labcreations.com.au,https://labcreations.com.au/,,Ecommerce,0.72,Beauty,<$1M,0.69,y,y,Ecommerce,y,Lab-formulated skincare,<$1M,1-10,"AI: fetch OK; Australian chemist Rita Sellars sells small-batch skincare, haircare and workshops from her own lab, 6-55 AUD products, online store."
shopify,promestools.com,https://promestools.com/,,Ecommerce,0.78,Construction & Manufacturing,<$1M,0.66,y,y,Ecommerce,y,Construction hand tools,<$1M,1-10,"AI: fetch OK; sells its own oversized aluminum construction squares and stair gauges, about 10 tools plus branded workwear, 20 products, no team info."
shopify,zapatosmayka.es,https://zapatosmayka.es/,509006,Ecommerce,0.99,Legal,<$1M,0.59,y,y,Ecommerce,n,Footwear retail,$1M-$10M,11-50,"AI: fetch OK; family shoe retailer from Elche founded 1969 with 4 physical stores, branded stock from New Balance, Lacoste and Birkenstock, 7,500+ customers and Tranco 509k; predicted Legal industry is wrong."
shopify,sixteenscents.com,https://sixteenscents.com/,,Ecommerce,0.74,,<$1M,0.85,y,y,Ecommerce,n,Perfume brand,<$1M,1-10,"AI: fetch OK after 301 to xviscents.com; Indian fragrance startup with a 4-scent debut collection at 549 INR, online only."
shopify,hizero-shop.fr,https://hizero-shop.fr/,,Ecommerce,0.74,,<$1M,0.83,y,y,Ecommerce,n,Floor cleaning appliances,<$1M,1-10,"AI: fetch OK; official French distributor shop for Hizero floor cleaners with 8 products covering France, Germany and Reunion, French phone support, small importer."
shopify,therandompanda.com,https://therandompanda.com/,,Ecommerce,0.99,,<$1M,0.72,y,y,Ecommerce,n,Digital party invitations and cards,<$1M,1-10,"AI: fetch OK; 500+ customizable digital invitations and holiday cards at 5-45 USD, gmail contact, one-person shop."
shopify,rwwltzju.com,https://rwwltzju.com/,,Ecommerce,0.72,,<$1M,0.82,y,y,Ecommerce,n,Home decor dropshipping store,<$1M,1-10,"AI: fetch OK after 301 to trovelark.com; random-letter domain now serving a generic Trovelark store of artificial flowers and crystal kits with a US phone, stored H1 leaked a Liquid template, looks like a dropshipping store rather than a proven scam, low confidence."
shopify,isilke.no,https://isilke.no/,,Ecommerce,0.72,,<$1M,0.85,y,y,Ecommerce,n,Custom silk scarves,<$1M,1-10,"AI: fetch OK; Norwegian made-to-order silk scarves and button covers for weddings and corporate gifts, 54 products at 89-390 NOK, no team info."
shopify,schultzorganicfarm.com,https://schultzorganicfarm.com/,,Ecommerce,0.72,,<$1M,0.85,y,y,Ecommerce,n,Farm-milled flour,<$1M,1-10,AI: fetch OK; fourth-generation Kansas family farm selling 6 stone-milled flour products with subscriptions and local delivery in Dighton.
shopify,bagnpackwebsite.com,https://bagnpackwebsite.com/,,Ecommerce,0.88,,<$1M,0.76,y,y,Ecommerce,n,Packaging supplies,<$1M,1-10,"AI: fetch OK; Egyptian packaging store (Egyptian phone, Arabic support) with 92 products across bags, boxes and mailers plus custom logo printing, no team info."
shopify,dixieoutfitters.com,https://dixieoutfitters.com/,,Ecommerce,0.99,,<$1M,0.75,y,y,Ecommerce,n,Custom DTF transfers and t-shirts,<$1M,1-10,"AI: fetch OK after 301 to sandbstees.com; the old Dixie Outfitters domain now serves SandB's Tees, a couple-run Georgia DTF print shop with transfers from 1.99 USD and 1-3 day turnaround."
shopify,pharemedica.ca,https://pharemedica.ca/,,Ecommerce,0.9,,$1M-$10M,0.81,y,y,Ecommerce,n,Medical supplies distribution,$1M-$10M,11-50,"AI: fetch OK after 301 to pharemedicadistribution.ca; Chicoutimi, Quebec medical and PPE distributor with 500+ products, B2B accounts, a new distribution center and 100+ food-factory clients, sells online with checkout so Ecommerce rather than LocalBusiness."
shopify,rechargefashion.com,https://rechargefashion.com/,,Ecommerce,0.86,Fashion,$1M-$10M,0.64,y,n,Media,y,Fashion content and affiliate blog,<$1M,1-10,"AI: fetch OK; WordPress fashion blog with 28 pages of articles by three named authors and heavy lab-grown diamond affiliate content, sells nothing directly, so Media not Ecommerce and nowhere near the predicted $1M-$10M."
shopify,ekaitrading.com,https://ekaitrading.com/,,Ecommerce,0.8,Fintech,<$1M,0.76,y,n,SaaS,y,Trading indicators software,<$1M,1-10,"AI: fetch OK; sells its own NinjaTrader 8 indicators and automated strategies at 120-250 USD via Shopify checkout, 4 products, Spanish-language software vendor, labeled SaaS since the product is licensed software though Ecommerce is arguable."
shopify,pureakg.org,https://pureakg.org/,,Ecommerce,0.88,,<$1M,0.87,y,y,Ecommerce,n,Longevity supplements,<$1M,1-10,"AI: fetch OK; single-SKU Ca-AKG supplement at 39.99-49.99 GBP from Silent Vector Ltd, a 2025-registered London company with a four-person advisory board."
shopify,direktschild.de,https://direktschild.de/,1636375,Ecommerce,0.99,,$1M-$10M,0.53,y,y,Ecommerce,n,Vehicle license plates online,$1M-$10M,11-50,"AI: fetch OK; German online license plate seller with DIN CERTCO certification, same-day DHL dispatch, live chat, 19 products and Tranco 1.6M, a volume business in a commodity category so I estimate low single-digit millions."
shopify,mumbajewellery.com,https://mumbajewellery.com/,,Ecommerce,0.99,,<$1M,0.86,y,y,Ecommerce,n,Recycled silver jewelry,<$1M,1-10,"AI: fetch OK; MUMBA Ltd, established 2025 in Highbury London, handcrafted recycled silver jewelry at 20-260 GBP, still has lorem ipsum in its terms and an example product placeholder, very early but trading."
shopify,rarediamondss.com,https://rarediamondss.com/,,Ecommerce,0.99,,<$1M,0.66,y,y,Ecommerce,n,Diamond jewelry direct-to-consumer,<$1M,1-10,"AI: fetch OK via http; Mumbai BKC-based IGI-certified diamond jewelry brand with Surat manufacturing ties, WhatsApp support and US and India phone lines, no team or founding info, low confidence on scale."
shopify,justnathalie.com,https://justnathalie.com/,,Ecommerce,0.72,,<$1M,0.78,y,y,Ecommerce,n,Stainless steel jewelry and personalized gifts,<$1M,1-10,"AI: fetch OK via www; French owner-run Shopify store with 73 products across jewelry, bags and kids items, ships across Europe, no team info."
shopify,tareillybooks.com,https://tareillybooks.com/,,Ecommerce,0.9,,<$1M,0.78,y,y,Ecommerce,n,Independent author book sales,<$1M,1-10,"AI: fetch OK via www; independent fantasy author T.A. Reilly selling her own novels, special editions and bundles, 20 products, solo operation that does sell goods so not Junk."
shopify,petfest.co.uk,https://petfest.co.uk/,,Ecommerce,0.72,,$1M-$10M,0.72,y,y,Ecommerce,n,Natural pet treats,<$1M,1-10,"AI: fetch OK via www; Pet Fest Britannia Ltd at a City Road virtual office address, 88 products of natural dog and cat treats with a B2B trade section, copyright 2025, no scale evidence for the predicted $1M-$10M."
shopify,sweetpineyroad.com,https://sweetpineyroad.com/,,Ecommerce,0.9,,<$1M,0.76,y,y,Ecommerce,n,Political stickers and novelty apparel,<$1M,1-10,"AI: fetch OK via www; funny and political stickers, magnets, shirts and flags with 1,343 reviews at 4.98 stars, no team info, small print-and-ship shop."
shopify,australiancountryoutfitter.com,https://australiancountryoutfitter.com/,,Ecommerce,0.98,,$1M-$10M,0.8,y,y,Ecommerce,n,Outback-style hats and leather apparel,<$1M,1-10,"AI: fetch OK after 301 to australiancountryoutfitters.com; Outback Survival Gear brand selling leather hats, wax jackets and boots from a Corinth, NY office with a retail counter at Saratoga Saddlery, toll-free line, no evidence for the predicted $1M-$10M."
shopify,jsindustries.jp,https://jsindustries.jp/,,Ecommerce,0.99,,$1M-$10M,0.66,y,y,Ecommerce,n,Surfboards retail,$1M-$10M,1-10,"AI: fetch OK via www; official Japanese distributor store for JS Industries surfboards with multiple board series, fins, custom orders and Afterpay, Klaviyo and Gorgias stack; the Japan arm of a globally known surfboard brand, so low millions."
shopify,mywellnesswayshop.com,https://mywellnesswayshop.com/,,Ecommerce,0.99,,<$1M,0.76,y,y,Ecommerce,n,Herbalife distributor shop,<$1M,1-10,"AI: fetch OK via www; independent Herbalife distributor Davide Mineo in Campania, Italy reselling shakes and bars, about 8 products mostly sold out, one-person reseller."
shopify,paperfeed-online.com,https://paperfeed-online.com/,,Ecommerce,0.99,,<$1M,0.76,n,n,Junk,n,Stationery,,,"AI: fetch failed with HTTP 402 on both https and http, which is Shopify's frozen or unpaid store status, so the store is dead; stored title suggests a small paper goods brand but nothing is reachable."
shopify,windingmoonlight.com,https://windingmoonlight.com/,,Ecommerce,0.99,Fashion,<$1M,0.69,y,y,Ecommerce,y,Vintage-inspired jewelry,<$1M,1-10,"AI: fetch OK; Hong Kong gold-plated jewelry brand shipping to 8 Asia-Pacific markets with XiaoHongShu presence, no team or store info."
shopify,asiasell.com.au,https://asiasell.com.au/,3776866,Ecommerce,0.74,,<$1M,0.69,y,y,Ecommerce,n,Hobby and craft supplies retail,$1M-$10M,1-10,"AI: fetch OK; Australian online hobby and craft variety store with 500+ products, 3,060+ reviews, daily dispatch and Tranco 3.8M; the review volume and deep inventory point to low millions AUD, above the predicted <$1M but with low confidence."
shopify,wigsandhairlounge.co.za,https://wigsandhairlounge.co.za/,2926971,Ecommerce,0.72,,<$1M,0.72,y,y,Ecommerce,n,Wigs and hair extensions,<$1M,1-10,"AI: fetch OK; South African wig retailer with a shop in Centurion Mall and an online store of 52-88 products, Tranco 2.9M, small retailer with checkout so Ecommerce."
shopify,icecollectibles.ca,https://icecollectibles.ca/,,Ecommerce,0.74,,<$1M,0.75,y,y,Ecommerce,n,Graded comics consignment and retail,<$1M,1-10,"AI: fetch OK after 301 to icecollectibles.com; single Hamilton, Ontario comic shop buying and consigning CGC and CBCS graded comics, listings pulled from its own eBay store, calls itself a marketplace but is one seller so Ecommerce."
shopify,elysianclothingph.com,https://elysianclothingph.com/,,Ecommerce,0.88,Fashion,<$1M,0.75,y,y,Ecommerce,y,Streetwear apparel,<$1M,1-10,"AI: fetch OK; Quezon City streetwear brand with about 20 items across four collections, PHP pricing, online only."
shopify,aurelis-atelier.ch,https://aurelis-atelier.ch/,,Ecommerce,0.86,,$1M-$10M,0.58,y,y,Ecommerce,n,Women's jewelry retail,<$1M,1-10,"AI: fetch OK; Zurich online jewelry shop with 65 products, ships only within Switzerland, founder photo and weekday phone hours, no evidence for the predicted $1M-$10M."
shopify,salyangoztowels.com,https://salyangoztowels.com/,,Ecommerce,0.72,,<$1M,0.68,n,n,Junk,n,Towels,,,"AI: fetch OK but the page is a Shopify Opening soon placeholder with no products, prices or contact, so a coming-soon shell."
shopify,labofstyle.nl,https://labofstyle.nl/,,Ecommerce,0.72,Ecommerce & Retail,<$1M,0.66,y,y,Ecommerce,y,Women's fashion boutique,<$1M,1-10,"AI: fetch OK; Dutch Shopify shop (26 products) for a single boutique in Driebergen-Rijsenburg selling curated women's fashion brands, tiny scale."
shopify,jutoshop.com,https://jutoshop.com/,,Ecommerce,0.99,,<$1M,0.69,y,y,Ecommerce,n,"Car and travel gadgets (air pumps, phone mounts)",<$1M,1-10,"AI: fetch OK; German Shopify store selling a handful of portable air pumps and magnetic phone holders in DE/FR/EN, some items out of stock, niche one-person scale."
shopify,no1vapewholesale.co.uk,https://no1vapewholesale.co.uk/,,Ecommerce,0.99,,<$1M,0.86,y,y,Ecommerce,n,Vape wholesale distribution,$1M-$10M,1-10,"AI: fetch OK; UK bulk vape distributor (Blackbirdz Ltd, Manchester) with 250 Shopify products, online checkout and next-day delivery, wholesale price points suggest low-single-digit millions."
shopify,allesberedskab.dk,https://allesberedskab.dk/,,Ecommerce,0.72,,<$1M,0.73,n,n,Junk,n,,,,"AI: fetch OK; Shopify password page showing only 'Opening soon' with a newsletter box, no products or company info, so a placeholder."
shopify,rhythmicthreadz.com,https://rhythmicthreadz.com/,,Ecommerce,0.99,Fashion,<$1M,0.68,y,y,Ecommerce,y,Custom dance team apparel,<$1M,1-10,"AI: fetch OK; SoCal custom team wear and dance costume shop on Shopify with 70 stored products and Microsoft 365 mail, though the live homepage still shows theme 'Example product' tiles, small studio-supplier scale."
shopify,fivethirtysomewhere.com,https://fivethirtysomewhere.com/,,Ecommerce,0.9,,<$1M,0.88,y,y,Ecommerce,n,Women's fashion (India),<$1M,1-10,"AI: fetch OK; Siliguri-based contemporary womenswear brand on Shopify, 80 products at Rs16k-21k, free pan-India shipping, small independent label."
shopify,nutritionalmedicinenz.com,https://nutritionalmedicinenz.com/,,Ecommerce,0.88,Healthcare,$1M-$10M,0.74,y,y,Ecommerce,y,Practitioner nutritional supplements,$1M-$10M,1-10,"AI: fetch OK; NZ/AU distributor of evidence-based supplement formulations sold via Shopify checkout with practitioner education, multi-currency shipping to 30+ countries, small distributor scale."
shopify,kleinsteliebe.de,https://kleinsteliebe.de/,,Ecommerce,0.74,,<$1M,0.75,y,y,Ecommerce,n,Personalised baby keepsake gifts,<$1M,1-10,"AI: fetch OK; German Shopify shop with 267 handmade wood and paper keepsakes, about text says a single mother runs and makes everything, sole-proprietor scale."
shopify,bluboxoutdoor.com,https://bluboxoutdoor.com/,,Ecommerce,0.88,,$1M-$10M,0.57,y,y,Ecommerce,n,Protective cases and coolers,$1M-$10M,1-10,"AI: fetch OK after 301 to bluboxcases.com; own-brand protective cases and coolers ($30-$250, 29 products) with a 24/7 support line and lifetime warranty, small brand."
shopify,ecorridor.com.au,https://ecorridor.com.au/,,Ecommerce,0.99,Ecommerce & Retail,<$1M,0.73,y,y,Ecommerce,y,"Security camera, networking and solar equipment retail",$1M-$10M,1-10,"AI: fetch OK; Australian eBay top-rated seller with its own Shopify store for Hikvision/Dahua cameras, TP-Link networking and Growatt/Victron solar gear priced $65-$3,000, so likely low millions in turnover."
bigco,stswithuns.com,https://stswithuns.com/,,Education,0.62,,<$1M,0.79,y,y,Education,n,Independent girls' school,$10M-$100M,201-1000,"AI: fetch OK; independent girls' boarding and day school in Winchester founded 1884, VERIFIED revenue $10M-$100M, staff verified 51-500 and a school of this size runs 200+ staff."
bigco,direct.gov.uk,https://direct.gov.uk/,20447,Education,0.62,,<$1M,0.81,y,n,Government,n,UK central government portal,,1000+,AI: fetch failed on cert mismatch but the cert is the GOV.UK set and stored title is 'Welcome to GOV.UK'; the old Directgov alias for the UK government services portal.
bigco,trosa.se,https://trosa.se/,2205252,Education,0.4,,<$1M,0.44,y,n,Government,n,Municipality,,201-1000,"AI: fetch OK; official site of Trosa kommun, a Swedish municipality of about 14k residents, verified employees 501-5000 so likely several hundred staff."
bigco,uni-goettingen.de,https://uni-goettingen.de/,8925,Education,0.61,Education,$100M-$1B,0.88,y,y,Education,y,University,$1B+,1000+,"AI: fetch OK; Georg-August-Universitaet Goettingen, 28,000 students, 13 faculties including medicine, verified employees 5001+, combined budget with the university hospital exceeds EUR 1B."
bigco,bradsdeals.com,https://bradsdeals.com/,36547,Ecommerce,0.71,Fashion,$10M-$100M,0.89,y,n,Media,n,Deals and coupons affiliate publishing,$10M-$100M,51-200,"AI: fetch blocked (HTTP 406 on https and http); judged from stored meta and knowledge: Brad's Deals is a Chicago affiliate deal-curation publisher, Tranco 36k, roughly 100 staff."
bigco,fredonia.edu,https://fredonia.edu/,125852,Education,0.58,Education,$1M-$10M,0.53,y,y,Education,y,Public university,$100M-$1B,201-1000,"AI: fetch OK; SUNY Fredonia public liberal arts university, 65+ majors, verified employees 501-5000, SUNY campus budgets of this size run above $100M."
bigco,spectator.org,https://spectator.org/,41263,Media,0.79,,$1M-$10M,0.88,y,y,Media,n,Political magazine,$1M-$10M,11-50,"AI: fetch blocked (HTTP 403); The American Spectator, conservative magazine since 1967, Tranco 41k, VERIFIED revenue $1M-$10M, small editorial staff."
bigco,birdscanada.org,https://birdscanada.org/,519015,Ecommerce,0.6,,$1M-$10M,0.75,y,n,Nonprofit,n,Bird conservation charity,$10M-$100M,51-200,"AI: fetch OK; registered Canadian charity with about 70 staff and 74,000 volunteers running citizen-science programs, VERIFIED revenue $10M-$100M, merch store is incidental."
bigco,shodan.io,https://shodan.io/,2154,Ecommerce,0.55,,$1M-$10M,0.45,y,n,SaaS,n,Internet device search and security data,$1M-$10M,1-10,"AI: fetch OK; sells membership, API subscription and enterprise plans to its own search engine, Tranco 2154 and Fortune 100 customers, but known to run with a very small team."
bigco,revizto.com,https://revizto.com/,35581,Agency,0.75,Productivity,$1M-$10M,0.54,y,n,SaaS,n,BIM collaboration software,$10M-$100M,51-200,"AI: fetch OK; cloud BIM collaboration platform for AECO teams with 1,000+ customers and 80,000+ projects, Tranco 35k, mid-size software vendor."
bigco,intapp.com,https://intapp.com/,40299,Consulting,0.72,AI & ML,$10M-$100M,0.99,y,n,SaaS,n,Professional services firm software,$100M-$1B,1000+,"AI: fetch OK; Intapp sells cloud software to law, accounting and financial firms (JPMorgan, EY, KPMG), NASDAQ-listed with revenue in the hundreds of millions and 2,000+ staff."
bigco,bam.de,https://bam.de/,103859,Media,0.6,Marketing,<$1M,0.71,y,n,Government,n,Federal materials research institute,$100M-$1B,1000+,"AI: fetch OK; Bundesanstalt fuer Materialforschung und -pruefung, a German federal authority under the economics ministry, verified employees 501-5000, budget in the low hundreds of millions of euro."
bigco,casajulia.co.uk,https://casajulia.co.uk/,1466848,Ecommerce,0.72,,<$1M,0.62,y,y,Ecommerce,n,Drinks wholesale distribution,$10M-$100M,51-200,"AI: fetch OK; UK importer and distributor of wine, beer, spirits and Italian food since 1975 with account-based WooCommerce ordering for trade customers, VERIFIED revenue $10M-$100M and staff 51-500."
bigco,pega.net,https://pega.net/,49494,Ecommerce,0.55,,<$1M,0.86,y,n,SaaS,n,Enterprise workflow automation and CRM software,$1B+,1000+,"AI: 301 to pega.com; Pegasystems, NASDAQ-listed enterprise AI/workflow platform with about $1.5B revenue and 5,000+ employees."
bigco,odyssey.org.nz,https://odyssey.org.nz/,,Nonprofit,0.57,,<$1M,0.78,y,y,Nonprofit,n,Addiction treatment services,$10M-$100M,201-1000,"AI: fetch OK; Auckland trust providing adult, youth and family addiction services with active hiring, VERIFIED revenue $10M-$100M and staff 51-500, likely a few hundred."
bigco,eternalmangas.org,https://eternalmangas.org/,46619,Media,0.5,,$10M-$100M,0.64,y,y,Media,n,Manga scanlation reader (ad-supported),<$1M,1-10,"AI: fetch blocked (HTTP 403); stored title and meta describe a free Spanish manga/manhwa scanlation reader, Tranco 46k, ad-funded and tiny despite traffic."
bigco,gmu.edu,https://gmu.edu/,5086,Education,0.58,Education,$100M-$1B,0.99,y,y,Education,y,Public research university,$1B+,1000+,"AI: 302 to www.gmu.edu, not re-fetched; George Mason University, Virginia's largest public university with about 40,000 students and a budget around $1.5B, verified employees 5001+."
bigco,dniprospetsstal.com,https://dniprospetsstal.com/,,Manufacturer,0.83,Construction & Manufacturing,<$1M,0.88,y,y,Manufacturer,y,Specialty steel production,$100M-$1B,1000+,"AI: fetch OK; Zaporizhzhia special-steel plant producing 800+ grades, exporting to 60+ countries, verified employees 5001+, output puts revenue in the hundreds of millions."
bigco,camcontacts.com,https://camcontacts.com/,49258,Community,0.67,,$10M-$100M,0.83,y,n,Marketplace,n,Adult webcam platform,$10M-$100M,11-50,"AI: not fetched (adult site), judged from stored fields and knowledge: long-running pay-per-minute cam platform brokering independent performers to viewers, Tranco 49k."
bigco,upwardlyglobal.org,https://upwardlyglobal.org/,1333402,Tool,0.59,HR & Recruiting,$100M-$1B,0.99,y,n,Nonprofit,y,Immigrant workforce development,$10M-$100M,51-200,"AI: fetch OK; 501(c)(3) helping immigrants and refugees restart careers, 35,000+ jobseekers served, VERIFIED revenue $10M-$100M, roughly 100 staff across offices."
bigco,certinia.com,https://certinia.com/,37702,SaaS,0.58,,$100M-$1B,0.99,y,y,SaaS,n,PSA and financial management software,$100M-$1B,1000+,"AI: fetch OK; Certinia (ex-FinancialForce) sells PSA and ERP on Salesforce to 1,400+ customers from Austin, UK and APAC offices, revenue in the low hundreds of millions, about 1,000 staff."
bigco,fhc-chc.com,https://fhc-chc.com/,,Consulting,0.61,Healthcare,$100M-$1B,0.84,y,n,Nonprofit,y,Community health centre,$10M-$100M,51-200,"AI: fetch OK; Flemingdon Health Centre, a Toronto non-profit community health centre with three sites offering free primary and mental health care, VERIFIED revenue $10M-$100M and staff 51-500."
bigco,cpcc.edu,https://cpcc.edu/,71134,Education,0.65,Education,$100M-$1B,0.74,y,y,Education,y,Community college,$100M-$1B,1000+,"AI: fetch failed on cert mismatch for the bare domain; Central Piedmont Community College, six Charlotte campuses and tens of thousands of students, verified employees 501-5000 with a budget above $100M."
bigco,fluorocarbon.co.uk,https://fluorocarbon.co.uk/,689625,Ecommerce,0.64,Construction & Manufacturing,$10M-$100M,0.84,y,n,Manufacturer,y,Fluoropolymer component manufacturing,$10M-$100M,51-200,"AI: fetch OK; Stevenage-based PTFE and fluoropolymer processor doing custom machining, moulding and coating for aerospace and semiconductor, no cart, VERIFIED revenue $10M-$100M and staff 51-500."
bigco,aternity.com,https://aternity.com/,11585,Ecommerce,0.66,DevTools,$10M-$100M,0.75,y,n,SaaS,y,IT observability software,$100M-$1B,1000+,"AI: 301 to riverbed.com; Aternity is now part of Riverbed, an enterprise observability and network vendor with revenue in the high hundreds of millions and 2,000+ employees."
bigco,ninemsn.com.au,https://ninemsn.com.au/,36656,Media,0.77,Media & Entertainment,<$1M,0.47,y,y,Media,y,News and entertainment publisher,$1B+,1000+,"AI: 301 to nine.com.au; legacy ninemsn alias for Nine Entertainment, ASX-listed broadcaster and publisher with about A$2.6B revenue and 5,000+ staff."
bigco,hosterion.net,https://hosterion.net/,38566,SaaS,0.62,,<$1M,0.64,y,y,SaaS,n,Web hosting,<$1M,1-10,"AI: fetch failed (connection refused on 443); stored title and meta describe Hosterion, a small Romanian web host selling shared, VPS and cloud hosting plus domains."
bigco,uamk.cz,https://uamk.cz/,1306693,Consulting,0.59,Legal,$100M-$1B,0.58,y,n,LocalBusiness,n,Roadside assistance services,$100M-$1B,201-1000,"AI: fetch OK; UAMK is the Czech automobile club and commercial assistance provider offering breakdown help, rental cars, driving schools and travel insurance nationwide, VERIFIED revenue $100M-$1B."
bigco,tryhardguides.com,https://tryhardguides.com/,47223,Tool,0.44,,<$1M,0.58,y,n,Media,n,Gaming guides and puzzle answers,$1M-$10M,11-50,"AI: fetch OK; ad-supported content site publishing daily Wordle, crossword and Roblox code guides, Tranco 47k implies millions of monthly visits, so low millions in ad revenue."
bigco,ral.gl,https://ral.gl/,2746132,Ecommerce,0.55,,<$1M,0.52,y,n,LocalBusiness,n,Container shipping line,$100M-$1B,201-1000,"AI: fetch OK; Royal Arctic Line, Greenland-government-owned liner shipping company with 10 vessels, 13 terminals and about 735 employees, VERIFIED revenue $100M-$1B, no cart."
ecommerce,blancus.org,https://blancus.org/,,Ecommerce,0.64,Construction & Manufacturing,$1M-$10M,0.52,y,n,Manufacturer,y,Professional cleaning machines,$1M-$10M,11-50,"AI: fetch OK; Tilburg-based maker of scrubber-dryers, industrial vacuums and pressure washers sold through dealers and quote requests in 70+ markets, no online cart."
ecommerce,praktichni.com,https://praktichni.com/,,Ecommerce,0.72,,$1M-$10M,0.61,y,y,Ecommerce,n,Household goods retail (Bulgaria),<$1M,1-10,"AI: fetch OK; Bulgarian WooCommerce store with about 102 practical home, beauty and electronics items priced in lev, working cart, small operation."
ecommerce,marutileathercrafts.com,https://marutileathercrafts.com/,,Ecommerce,0.72,,$1M-$10M,0.8,y,y,Ecommerce,n,Leather footwear (Kolhapuri chappals),<$1M,1-10,"AI: fetch failed (HTTP 500); stored title 'Vaarsa - Kolhapuri Chappal' and H1 'Maruti Leather Crafts - India' on WooCommerce with Elementor, a small Indian leather sandal maker selling online."
ecommerce,spoorvoorverbinding.nl,https://spoorvoorverbinding.nl/,,Ecommerce,0.72,,$1M-$10M,0.46,y,n,Consulting,n,Public-sector organisational development,<$1M,1-10,"AI: fetch OK; Dutch expertise centre offering training, advice and coaching to public-sector organisations from one address with a small named team, WooCommerce only used for course bookings."
ecommerce,burgercanteen.com,https://burgercanteen.com/,,Ecommerce,0.6,Media & Entertainment,,,y,n,LocalBusiness,n,Burger restaurant,<$1M,1-10,"AI: live fetch returned only a LiteSpeed directory index; judged from stored title, H1 and meta describing a handcrafted burger restaurant with community events, a single small eatery."
ecommerce,brandsauce.io,https://brandsauce.io/,,Ecommerce,0.75,,$1M-$10M,0.52,y,n,SaaS,n,Corporate swag store platform,$1M-$10M,11-50,"AI: fetch OK; Brand Sauce sells a white-label company swag store platform with on-demand fulfillment of 1M+ products plus managed onboarding, clients from SMB to Fortune 500 across several countries."
ecommerce,lab-society.com,https://lab-society.com/,,Ecommerce,0.77,,<$1M,0.49,y,y,Ecommerce,n,Health and beauty retail (Thailand),$1M-$10M,11-50,"AI: fetch OK; Thai WooCommerce shop with hundreds of skincare, cosmetics and supplement SKUs priced in baht, promotions and franchise offers, an established multi-line retailer."
ecommerce,dieromana.at,https://dieromana.at/,,Ecommerce,0.62,,<$1M,0.74,y,n,Education,n,Women's body and sexuality workshops,<$1M,1-10,"AI: fetch blocked (HTTP 403); stored title 'Lustforscherinnen' and meta 'female bodywisdom' point to an Austrian workshop and coaching offer for women, low confidence, tiny scale."
ecommerce,dovetherapies.co.uk,https://dovetherapies.co.uk/,,Ecommerce,0.65,,<$1M,0.73,y,n,LocalBusiness,n,Acupuncture clinic,<$1M,1-10,"AI: fetch OK; single-practitioner acupuncture clinic (Paloma Sparrow, 25 years experience) in a garden studio in Stroud with online booking, WooCommerce is incidental."
ecommerce,aromapresents.com,https://aromapresents.com/,3799244,Ecommerce,0.92,,<$1M,0.83,y,y,Ecommerce,n,Fragrance retail (dropship),<$1M,1-10,"AI: fetch OK; WooCommerce store listing about 20 branded perfumes and body sprays at 50% off with a Detroit address and generic 24-hour support copy, reads as a small dropship shop rather than a placeholder."
ecommerce,ryokosugawara.com,https://ryokosugawara.com/,,Ecommerce,0.6,,<$1M,0.71,y,n,Consulting,n,Spiritual coaching,<$1M,1-10,"AI: fetch OK; Japanese solo spiritual coach selling individual sessions and a Tokyo one-day retreat, WooCommerce present but no shop shown, no prices, no team, so <$1M solo."
ecommerce,westparkloans.com,https://westparkloans.com/,,Ecommerce,0.72,Fintech,$1M-$10M,0.73,y,n,Consulting,n,Mortgage brokerage,$1M-$10M,11-50,"AI: fetch OK; Irvine CA mortgage broker (NMLS 282643) with hard-money and alt-doc loans, claims $1B originated since 2007 and lists four named loan officers, so a broker earning fees in the low millions."
ecommerce,varietyhardware.com,https://varietyhardware.com/,,Ecommerce,0.64,,<$1M,0.71,y,n,LocalBusiness,n,Hardware wholesale and retail,$1M-$10M,11-50,"AI: fetch OK; Indore hardware wholesaler/retailer of kitchen fittings and handles, 30 years in business, enquiry form only and no cart, so a physical distributor not Ecommerce."
ecommerce,restorfxfresnoclovis.com,https://restorfxfresnoclovis.com/,,Ecommerce,0.64,,<$1M,0.91,y,n,LocalBusiness,n,Automotive paint restoration,<$1M,1-10,"AI: direct fetch 403 but domain redirects to restorfx.com/c/fresnoclovis/ which curl read; a single franchised RestorFX paint-restoration center in Fresno/Clovis with a local phone, so a one-location service shop."
ecommerce,fieldsconover.com,https://fieldsconover.com/,,Ecommerce,0.59,,<$1M,0.62,y,n,LocalBusiness,n,Apartment rental community,$1M-$10M,1-10,"AI: fetch OK; single apartment community in Conover NC managed by Covenant Property Services with pool, clubhouse and fitness center, unit count not stated so revenue is an estimate for a mid-size complex."
ecommerce,endlesswiresaw.com,https://endlesswiresaw.com/,2701891,Ecommerce,0.74,,$1M-$10M,0.74,y,n,Manufacturer,n,Industrial cutting machinery,$1M-$10M,11-50,"AI: fetch OK; Vimfun makes endless diamond wire cutting machines with R&D in Zhengzhou and a Shanghai factory, 20+ years and nearly 100 models, quote-only with no cart, so Manufacturer not Ecommerce."
ecommerce,ramulia.com,https://ramulia.com/,,Ecommerce,0.77,,<$1M,0.74,y,n,LocalBusiness,n,Organic farm,<$1M,1-10,"AI: fetch OK; family organic farm in Delia, Sicily since 1949 growing jasmine, mulberries, almonds and olives, no prices or checkout, so a small farm presence site."
ecommerce,defisdefemmes.fr,https://defisdefemmes.fr/,,Ecommerce,0.72,,<$1M,0.78,y,n,Media,n,Women's conference and events,<$1M,1-10,"AI: fetch OK; a two-day women's conference in Castelnau-le-Lez with 35 exhibitors and 15 talks run by a team of two under DYMEXPO, tickets via external Billetweb, so an event organizer."
ecommerce,sameneenvarkenkopen.nl,https://sameneenvarkenkopen.nl/,,Ecommerce,0.72,,<$1M,0.75,y,y,Ecommerce,n,Meat box delivery,$1M-$10M,1-10,"AI: redirects to sameneenkoekopen.nl which fetched OK; direct-to-consumer pork and beef packages at EUR 84-219 with full cart and checkout, 2,848 reviews at 9.6/10 from Haaksbergen, so a small but established online butcher."
ecommerce,monosewa.com,https://monosewa.com/,,Ecommerce,0.74,Beauty,<$1M,0.79,n,n,Junk,n,,,,"AI: fetch OK; domain now shows a Hostinger expired-domain page and the stored H1 was a 'pardon our dust' coming-soon shell, so Junk."
ecommerce,vjaytimberholdings.com.au,https://vjaytimberholdings.com.au/,,Ecommerce,0.86,,<$1M,0.61,n,n,Junk,n,,,,"AI: WebFetch 403, curl OK; an unfinished WooCommerce default template with 'Hello world!' and 'Versatile Woocommerce Template' demo posts, a stock advertising tagline and a US phone number, only timber category names, so a placeholder shell."
ecommerce,etudesetvie.be,https://etudesetvie.be/,,Ecommerce,0.72,Fashion,$100M-$1B,0.48,y,y,Ecommerce,n,EMF protection and detection products,<$1M,1-10,"AI: fetch OK; Belgian online store for EMF shielding paint, meters and detectors priced EUR 15-2,190 with cart and PayPal, one shop in Fleron run by founder Benoit Louppe, so tiny not $100M+."
ecommerce,affordabledentalplan.com.au,https://affordabledentalplan.com.au/,,Ecommerce,0.72,,<$1M,0.7,y,n,Marketplace,n,Dental discount membership plan,<$1M,1-10,"AI: fetch OK; sells a $100/year membership giving 10-55% discounts at participating dentists in four Australian cities, PO box address and no team, so a small broker between members and dentists."
ecommerce,colchonesriverahouse.com,https://colchonesriverahouse.com/,,Ecommerce,0.72,Home & Garden,<$1M,0.92,y,y,Ecommerce,y,Furniture and mattress retail,$1M-$10M,11-50,"AI: redirects to johnriveraexperience.com which curl read; Cali furniture and mattress store with a Ciudad Jardin showroom plus online cart with COP prices, luxury positioning suggests low millions USD."
ecommerce,simonettiimpiantitermoidraulici.it,https://simonettiimpiantitermoidraulici.it/,,Ecommerce,0.72,,<$1M,0.75,y,n,LocalBusiness,n,HVAC and plumbing installation,<$1M,1-10,"AI: fetch OK; one-man heat pump, solar thermal and plumbing installer in Vibo Valentia, Calabria, contact and WhatsApp only, no shop."
ecommerce,moulinlalorraine.ca,https://moulinlalorraine.ca/,,Ecommerce,0.74,,$10M-$100M,0.55,y,n,Nonprofit,n,Arts and culture center,<$1M,1-10,"AI: fetch OK; nonprofit art, culture and nature center in a historic mill at Lac-Etchemin, Quebec with exhibitions, workshops and 30+ sponsors, a single site so far below the predicted $10M-$100M."
ecommerce,sieronrealestate.com,https://sieronrealestate.com/,,Ecommerce,0.84,Real Estate,$1M-$10M,0.8,y,n,LocalBusiness,y,Real estate brokerage,<$1M,1-10,"AI: WebFetch 403, curl OK; one German-speaking agent, Tomasz Sieron, brokering luxury property on Mallorca with free consultation booking, a solo brokerage."
ecommerce,bluetenlook.de,https://bluetenlook.de/,,Ecommerce,0.53,Home & Garden,,,y,n,LocalBusiness,n,Florist,<$1M,1-10,"AI: fetch OK; a single flower shop at Hasselbachplatz in Magdeburg on Jimdo with no cart or prices, so a local florist."
ecommerce,chiaramart.com,https://chiaramart.com/,,Ecommerce,0.85,Fashion,,,y,n,Marketplace,y,Fashion marketplace,<$1M,1-10,"AI: WebFetch blocked, curl OK; Persian-language fashion and perfume site with login, product listings in rials and a 'sell on Chiaramart' link inviting vendors, so a small Iranian multi-vendor marketplace."
ecommerce,nataliaposnova-piano.com,https://nataliaposnova-piano.com/,,Ecommerce,0.72,,<$1M,0.59,y,n,Media,n,Concert performances,<$1M,1-10,"AI: WebFetch blocked, curl OK; concert pianist Natalia Posnova's booking site for her QUEEN Rhapsody shows with a 9-item fan shop (tickets, CDs, merch) carrying the German small-business VAT exemption, so a performing artist, not a store."
ecommerce,stadkystmat.no,https://stadkystmat.no/,,Ecommerce,0.74,,<$1M,0.62,y,n,LocalBusiness,n,Farm food producer and catering,<$1M,1-10,"AI: WebFetch blocked, curl OK; Sandvik farm on Stadlandet producing local meat, running catering and a food truck with a small WooCommerce order list, so a farm business presence site."
ecommerce,thepurplepear.ca,https://thepurplepear.ca/,,Ecommerce,0.74,Food & Beverage,<$1M,0.59,y,n,LocalBusiness,y,Restaurant,<$1M,11-50,"AI: WebFetch blocked, curl OK; casual dining restaurant at 946 Barton St E, Hamilton since 1994 with menu and location pages only, WooCommerce unused."
ecommerce,julliettesplace.org,https://julliettesplace.org/,,Ecommerce,0.56,,<$1M,0.73,y,n,Nonprofit,n,Women's shelter,$1M-$10M,11-50,"AI: fetch blocked by Cloudflare (403) at julliettesplace.ca; search snippets show Homeward Family Shelter operating as Julliette's Place, a 30-year Scarborough shelter for women and children fleeing violence, so a funded nonprofit."
ecommerce,activebicycles.com,https://activebicycles.com/,,Ecommerce,0.72,,<$1M,0.58,y,y,Ecommerce,n,Bicycle brand,$1M-$10M,1-10,"AI: redirects to activebikes.com which fetched OK; Finnish bike brand (Bikeimport Finland Oy) selling gravel, MTB and e-bikes at EUR 1,699-2,890 online plus a retailer network, scale estimated from bike prices and dealer program."
ecommerce,vicirello.com,https://vicirello.com/,676882,Ecommerce,0.94,Fashion,<$1M,0.72,y,y,Ecommerce,y,Jewelry retail,<$1M,1-10,"AI: fetch OK; Greek online jewelry shop with silver and steel pieces at EUR 12-100, cart, cash on delivery and a B2B section, Tranco 677k, so a small e-shop."
ecommerce,fibijewelry.com,https://fibijewelry.com/,,Ecommerce,0.74,Fashion,<$1M,0.84,n,n,Junk,n,,,,"AI: fetch returns only a 'Redirecting...' page whose body is ad-overlay detection script, no store content reached, so a broken redirect or parking shell."
ecommerce,minibushireincroydon.co.uk,https://minibushireincroydon.co.uk/,,Ecommerce,0.74,Travel,<$1M,0.74,y,n,LocalBusiness,y,Coach and minibus hire,<$1M,1-10,"AI: fetch OK; Croydon coach and minibus hire with 24 and 57 seaters, quote form only and no booking checkout, a small local operator."
ecommerce,moot-creations.com,https://moot-creations.com/,,Ecommerce,0.74,Fashion,<$1M,0.71,y,n,LocalBusiness,n,Wedding and event decoration,<$1M,1-10,"AI: redirects to moot-events.com which fetched OK; solo wedding decorator Alice Gentinetta in Annecy since 2020 offering scenography, rentals and EUR 45 macrame workshops, cart exists but services are the business."
ecommerce,borromeomedica.it,https://borromeomedica.it/,,Ecommerce,0.72,,<$1M,0.71,y,n,LocalBusiness,n,Medical clinic,$1M-$10M,11-50,"AI: fetch OK; multi-specialty medical center in Peschiera Borromeo with imaging, psychotherapy and physiotherapy, phone booking only, size estimated from the specialist roster."
ecommerce,visviva.it,https://visviva.it/,,Ecommerce,0.74,,<$1M,0.75,y,n,LocalBusiness,n,Pharma packaging machinery distributor,$1M-$10M,11-50,"AI: fetch OK; Italian supplier of pharma packaging lines, tablet-press tooling and serialization systems for HAPA, Antares Vision and ACG, two offices and 20 years, quote-only distributor with no checkout."
saas,saltxeventz.com,https://saltxeventz.com/,,SaaS,0.56,,<$1M,0.91,n,n,Junk,n,,,,"AI: fetch OK; a DirectAdmin 'Something amazing will be constructed here' hosting placeholder created July 2026, no content."
saas,cbtzoom.org,https://cbtzoom.org/,,SaaS,0.55,,<$1M,0.82,n,n,Junk,n,,,,"AI: fetch OK; the domain 301-redirects straight to a Zoom meeting join link, no organization content."
saas,vyntura-digital.com,https://vyntura-digital.com/,,SaaS,0.55,,<$1M,0.81,y,n,Agency,n,Software development,<$1M,1-10,"AI: fetch OK but the page is an empty Vite JS shell; meta text says 'we build SaaS architecture and cloud-native applications' for clients, so a tiny Dutch dev shop, low confidence."
saas,ctrlplanner.com,https://ctrlplanner.com/,,SaaS,0.55,Ecommerce & Retail,<$1M,0.66,y,y,SaaS,n,Manufacturing quality software,<$1M,1-10,"AI: fetch OK; browser-based control plan and AS9102 FAIR tool for aerospace job shops at $199-249/month with a 14-day trial, built by a solo quality engineer."
saas,onayiga.com,https://onayiga.com/,,SaaS,0.46,,<$1M,0.8,n,n,Junk,n,,,,"AI: fetch OK; page shows only a 'Cloudflare Registrar' placeholder heading, no content."
saas,getrevogtm.com,https://getrevogtm.com/,,SaaS,0.62,,<$1M,0.75,y,n,Agency,n,Outbound lead generation,$1M-$10M,11-50,"AI: WebFetch blocked, curl OK on revogtm.com; done-for-you cold email agency claiming 20M+ emails/month with hundreds of owned domains and a full GTM team, revenue estimated from that infrastructure claim."
saas,delightapp.io,https://delightapp.io/,,SaaS,0.63,Marketing,$1M-$10M,0.8,y,y,SaaS,y,Field service software,$100M-$1B,201-1000,"AI: fetch 403 but the domain redirects to simprogroup.com/features/delight; Delight is the AI customer-marketing agent inside Simpro Premium, so the entity is Simpro Group, a large field-service SaaS vendor, scale from my knowledge of Simpro."
saas,nihom.jp,https://nihom.jp/,,SaaS,0.59,,<$1M,0.72,y,y,SaaS,n,Expat life services app,<$1M,1-10,"AI: WebFetch blocked, curl OK; Chinese-language iOS/Android app for residents of Japan with residence-permit guides, AI assistant, forum and licensed-scrivener matching, still in closed beta, so a tiny consumer app."
saas,gbsolucoestech.com.br,https://gbsolucoestech.com.br/,,SaaS,0.55,,<$1M,0.72,y,n,Agency,n,Software development,<$1M,1-10,"AI: WebFetch blocked, curl OK; a single Brazilian developer with 17 years experience building SaaS and automations for clients, first-person about page, so a one-person dev shop."
saas,primepdf.com,https://primepdf.com/,1970435,SaaS,0.65,,$1M-$10M,0.68,y,y,SaaS,n,PDF tools,<$1M,11-50,"AI: WebFetch blocked, curl OK; online PDF convert/edit tool by Zendocs America Inc with login, refund and 'how to cancel' pages implying a subscription, Tranco 1.97M suggests low traffic for this domain."
saas,chola.no,https://chola.no/,,SaaS,0.5,AI & ML,<$1M,0.84,n,n,Junk,n,,,,"AI: fetch OK; one-paragraph coming-soon page promising an AI solution for businesses, nothing to sell yet."
saas,freechurchapp.net,https://freechurchapp.net/,,SaaS,0.46,DevTools,<$1M,0.77,y,y,SaaS,n,Church engagement software,$10M-$100M,201-1000,"AI: WebFetch blocked, curl OK on thechurchapp.org; The Church App is Subsplash's church mobile app platform since 2009 with demo booking and pricing, scale from my knowledge of Subsplash."
saas,geekflight.co.uk,https://geekflight.co.uk/,,SaaS,0.65,Travel,<$1M,0.79,y,n,Tool,n,Aviation instrument app,<$1M,1-10,"AI: WebFetch blocked, curl OK; a no-ads offline Android app turning phone sensors into flight instruments, in beta with 40+ releases over 3 years, a hobby-scale downloadable utility."
saas,imperal.io,https://imperal.io/,,SaaS,0.65,,<$1M,0.67,y,y,SaaS,n,AI cloud management,<$1M,1-10,"AI: WebFetch blocked, curl OK; AI agent that runs servers, mail and databases with a pricing page and Stripe, scripted demo only and no customers named, an early-stage product."
saas,stiristaworks.com,https://stiristaworks.com/,,SaaS,0.75,Marketing,<$1M,0.59,y,y,SaaS,y,Marketing data platform,$10M-$100M,51-200,"AI: WebFetch blocked, curl OK on stirista.com; identity graph, DSP and ESP platform with audiences and activation, careers and locations pages and an NIQ partnership, scale from my knowledge of the San Antonio company."
saas,playrollout.com,https://playrollout.com/,,SaaS,0.65,,<$1M,0.91,y,n,Tool,n,AI adoption simulator game,<$1M,1-10,"AI: WebFetch blocked, curl OK; a JS shell whose metadata describes a free browser simulator game about AI adoption at a fictional company, nothing sold, so a free tool of hobby scale."
saas,colspace.co,https://colspace.co/,,SaaS,0.65,,<$1M,0.71,y,n,Consulting,n,Development finance brokerage,<$1M,1-10,"AI: WebFetch blocked, curl followed to colspace.ai; UK property development finance broker in private pilot with deal evaluation and finance packs and 0% borrower fees, one named founder, so a finance broker not software."
saas,bandar.io,https://bandar.io/,,SaaS,0.99,,<$1M,0.58,y,y,SaaS,n,Streaming data infrastructure,<$1M,1-10,"AI: WebFetch blocked, curl followed to s2.dev; S2 durable stream API, YC-backed and just past a seed round with GA announced, developer infrastructure at seed scale."
saas,phoebecarter.com,https://phoebecarter.com/,3911993,SaaS,0.56,,$100M-$1B,0.87,n,n,Junk,n,,,,"AI: WebFetch blocked, curl OK; a 'Blank Title' MyDomain-hosted personal page for a singer's holiday single with one CD link, effectively a personal placeholder, nowhere near the predicted SaaS $100M-$1B."
saas,trmeric.com,https://trmeric.com/,,SaaS,0.85,AI & ML,$1M-$10M,0.55,y,y,SaaS,y,Enterprise AI transformation platform,$1M-$10M,11-50,"AI: WebFetch blocked, curl OK; agentic AI platform for enterprise transformation with demo requests and anonymous 'Big 4 firm' and 'global mining major' references, early-stage vendor scale."
saas,heatmapgo.com,https://heatmapgo.com/,,SaaS,0.65,,$1M-$10M,0.76,y,y,SaaS,n,Ecommerce analytics software,$1M-$10M,11-50,"AI: fetch ok via redirect to heatmap.com; sells heatmap/funnel/session-replay analytics to ecommerce brands on subscription (Scale tier $699/mo), claims 1,000+ brands, so low-single-digit millions ARR."
saas,qcnats.com.au,https://qcnats.com.au/,,SaaS,0.57,Productivity,$1M-$10M,0.49,y,n,Agency,n,Nurse staffing agency,$1M-$10M,11-50,"AI: fetch ok but the page is the internal timesheet portal (RN/EN/AIN roles, multi-facility allocation) of a nursing agency, not a software product for sale; the business behind it is a healthcare staffing agency, sizing is a guess from multi-facility ops."
saas,hellomikewatson.com,https://hellomikewatson.com/,,SaaS,0.46,,<$1M,0.77,n,n,Junk,n,,,,"AI: fetch failed (NXDOMAIN on https and http); stored title is a bare Cloudflare placeholder and MX is personal iCloud, so a personal domain with no site."
saas,nidhiwishall.com,https://nidhiwishall.com/,,SaaS,0.76,,<$1M,0.83,y,n,Tool,n,Devotional mobile app,<$1M,1-10,"AI: fetch ok; landing page for RadhaDarshan, a free Android bhajan/jaap counter app by a solo developer (Vishal Agarwal), no pricing or paid tier, so a free downloadable utility rather than SaaS."
saas,caugia.com,https://caugia.com/,,SaaS,0.84,,$1M-$10M,0.7,y,n,Consulting,n,Go-to-market / revenue consulting,<$1M,1-10,"AI: fetch ok; Tom Meijer sells fractional GTM leadership to B2B SaaS (free diagnostic, EUR 750 report, 1-2 days/week embed), a one-person advisory practice, not software."
saas,hosteaagle.com,https://hosteaagle.com/,,SaaS,0.62,,<$1M,0.52,y,y,SaaS,n,Web hosting,<$1M,1-10,"AI: fetch returned only the header (JS shell), judged from meta: French web hosting, VPS, domains and webradio streaming provider with self-hosted mail, no scale signals so a micro host."
saas,costcoaimethod.com,https://costcoaimethod.com/,,SaaS,0.68,Marketing,<$1M,0.85,n,n,Junk,n,,,,"AI: fetch failed (connection refused on 443 for both schemes); stored title/meta are a 'Costco AI Method OFFICIAL WEBSITE ... high-ticket commissions on autopilot' affiliate funnel with 'click below to join now', a scam-style template."
saas,myai-integration.com,https://myai-integration.com/,,SaaS,0.59,AI & ML,<$1M,0.69,n,n,Junk,n,,,,"AI: fetch ok via redirect to ai-integration.solutions; a GoDaddy builder template with only 'Seamless AI Solutions', a contact form and no description of any service, so an unfinished shell."
saas,getoptqo.com,https://getoptqo.com/,,SaaS,0.58,,<$1M,0.84,y,n,Marketplace,n,Home-services lead marketplace,<$1M,1-10,"AI: fetch ok via redirects to getthecall.uk; a UK pay-per-job (GBP 80 per confirmed job) lead broker routing emergency roofing/plumbing/electrical calls to independent tradespeople, so a broker between buyers and many sellers, early stage."
saas,otcstreaming.com,https://otcstreaming.com/,,SaaS,0.67,Marketing,<$1M,0.71,y,y,SaaS,n,Financial market data (credit derivatives),$1M-$10M,11-50,"AI: fetch ok; streams OTC credit-derivative quotes and analytics with free/premium API/private tiers, subsidiary of Hellebore Group in London operating since 2018, small fintech data vendor, sizing estimated."
saas,lafereh.com,https://lafereh.com/,,SaaS,0.53,,,,y,n,LocalBusiness,n,Mining equipment maintenance services,<$1M,1-10,"AI: fetch ok; LAFEREH SARLU LLC in Irving TX offers equipment maintenance, repair and technical support to mining companies, founded 2022, template-like site with no clients or team, physical services not software."
saas,autocenterserviciosydiagnosticos.com,https://autocenterserviciosydiagnosticos.com/,,SaaS,0.64,Healthcare,<$1M,0.82,y,y,SaaS,n,Auto repair shop management software,<$1M,1-10,"AI: fetch ok; AUTOCENTER is a Spanish-language cloud app for mechanic workshops (appointments, vehicle registry, quotes) with client and team portals, no pricing or customer counts, predicted industry Healthcare is wrong."
saas,nubiasystems.com,https://nubiasystems.com/,,SaaS,0.55,,<$1M,0.59,y,n,Agency,n,Custom software development & IT consulting,<$1M,1-10,"AI: fetch returned only the header; meta says Nubia Systems Ltd delivers custom software engineering, IT consultancy and SaaS for African and diaspora organisations, self-hosted mail and no scale signals, so a small dev shop."
saas,stitchai.com.au,https://stitchai.com.au/,,SaaS,0.58,Productivity,<$1M,0.68,y,y,SaaS,y,AI business process automation software,<$1M,1-10,"AI: fetch failed (403 on both schemes); judged from stored fields: StitchAI sells AI agents that automate business processes for Australian firms, Tailwind/Cloudflare site with Google Workspace, no scale signals, early-stage startup."
saas,seleneagentic.com,https://seleneagentic.com/,,SaaS,0.83,Marketing,$1M-$10M,0.82,y,y,SaaS,y,Ecommerce marketing personalization software,<$1M,1-10,"AI: fetch ok via redirect to getselene.ai; AI 1:1 personalization for email/SMS/WhatsApp integrated with Shopify/WooCommerce/BigCommerce, demo-led with a 2-month free trial and no customer counts, so likely pre-$1M."
saas,ds-sign.de,https://ds-sign.de/,,SaaS,0.62,,<$1M,0.71,y,y,SaaS,n,E-signature software,<$1M,1-10,"AI: fetch ok via redirect to ds-sign.data-security.one; DS|Sign is an e-signature product (Solo EUR 10/mo, Team EUR 15/mo, SES/AES/QES) run by DATA Security GmbH in Kolbermoor, small SME-focused product."
saas,leonerikz.com,https://leonerikz.com/,,SaaS,0.46,,<$1M,0.84,n,n,Junk,n,,,,"AI: fetch ok but the page is only a 'Cloudflare Registrar' placeholder with no content, MX is personal iCloud, so a personal domain with no site."
saas,netlite.it,https://netlite.it/,2350549,SaaS,0.75,DevTools,$1M-$10M,0.45,y,n,Agency,n,IT services & custom software development,$1M-$10M,11-50,"AI: fetch ok; Netlite IT (Villafranca di Verona, 4 offices, since 2008) does software development, cloud/sysadmin, security and industrial automation for clients like Banco BPM and Esselunga, and its own jobs text says 'we are small', so services for clients, not SaaS."
saas,qlixlab.com,https://qlixlab.com/,,SaaS,0.53,Productivity,<$1M,0.76,y,y,SaaS,y,AI agent / autonomous workforce software,<$1M,1-10,"AI: fetch failed (untrusted certificate on both schemes); judged from stored fields: Qlix Labs markets autonomous AI employees that execute workflows, Next.js landing with a mock dashboard greeting, no scale signals, early startup."
saas,uncommonmove.com,https://uncommonmove.com/,,SaaS,0.65,,<$1M,0.83,y,n,Consulting,n,Marketing strategy consulting (Google Ads),<$1M,1-10,"AI: fetch ok; Kyle Schwietz publishes agentic AI marketing frameworks and sells consulting engagements around Performance Max/GA4/MMM, explicitly a solo practice with a small list, no software product."
saas,misakisushilakehiawatha.com,https://misakisushilakehiawatha.com/,3823361,SaaS,0.65,,<$1M,0.88,y,n,LocalBusiness,n,Sushi restaurant,<$1M,1-10,"AI: live fetch shows Misaki Sushi, a Japanese restaurant at 81 N Beverwyck Rd, Lake Hiawatha NJ with menu and Grubhub ordering; the stored title/meta were Indonesian slot-gambling spam, so the crawl saw a hacked or cloaked page, the business is a single restaurant."
saas,lalapam.ru,https://lalapam.ru/,2473660,SaaS,0.85,Marketing,<$1M,0.78,y,y,SaaS,n,Appointment booking & CRM software,<$1M,1-10,"AI: fetch ok; LALAPAM is online booking, CRM and Telegram/MAX notifications for salons and service businesses with a free tier and 1,196 RUB/mo Standard plan, built and supported by one person since Jan 2025."
saas,taxmasterprep.com,https://taxmasterprep.com/,,SaaS,0.62,,<$1M,0.88,y,y,SaaS,n,Tax preparation software,<$1M,1-10,"AI: fetch returned only the header; meta describes Tax Master, desktop tax-prep software for professional preparers and firms, Microsoft 365 mail, no pricing, customers or team visible, so a small software vendor."
saas,apontahoras.com,https://apontahoras.com/,,SaaS,0.8,Productivity,<$1M,0.82,y,y,SaaS,y,Shop-floor time tracking software,<$1M,1-10,"AI: fetch ok via redirect to apontahora.com; RFID-based work-order time and cost tracking for Brazilian factories by GRV Software, two named customer case studies and a single WhatsApp contact, small vendor."
saas,propertysgx.com,https://propertysgx.com/,,SaaS,0.65,,$1M-$10M,0.66,y,n,Tool,n,Real estate data & analytics,<$1M,1-10,"AI: fetch returned only the title; meta says a 3D map of 404,722 URA/HDB transactions, condo PSF, rentals and CEA agent records, Cloudflare email routing and no pricing visible, so a free property data utility from a tiny team, predicted $1M-$10M has no support."
saas,effenti.ca,https://effenti.ca/,,SaaS,0.59,Ecommerce & Retail,<$1M,0.9,y,n,Agency,n,IT consulting & software development,$10M-$100M,51-200,"AI: fetch ok; Effenti Inc is a Quebec IT services firm doing application development, ERP integration, agile coaching and AI for clients (this .ca is a secondary Wix site, copyright 2022); the company is an established mid-size Quebec consultancy, sizing from name recognition not the page."
saas,vegnastar.com,https://vegnastar.com/,,SaaS,0.81,Marketing,<$1M,0.71,y,y,SaaS,n,ERP & CRM software,<$1M,11-50,"AI: fetch ok; PT Vegnastar Prima Teknologi (Jakarta) sells the VDIS suite (ERP, CRM, accounting, warehouse, HR) plus a B2B marketplace and academy with demo/pricing pages and a careers page, Indonesian SME vendor, predicted industry Marketing is wrong."
saas,doi8.de,https://doi8.de/,,SaaS,0.77,,<$1M,0.74,n,n,Junk,n,,,,"AI: fetch failed (403 on both schemes); stored title/meta are the stock description of Cloud Mail, an open-source serverless mailbox project, so this is an unbranded self-hosted instance on a personal .de domain with nothing sold."
saas,kriostech.com,https://kriostech.com/,2245329,SaaS,0.56,Ecommerce & Retail,$1M-$10M,0.65,y,n,Agency,n,Web design & development,<$1M,1-10,"AI: fetch ok; KRIOSTECH at 1830 Bloor St W Toronto builds business websites and catalogue sites for CAD 1,000-2,495 one-time plus CAD 9.99-29.99/mo hosting, since 2004 with 8 portfolio clients, a small web shop doing work for clients."
saas,boozedata.ca,https://boozedata.ca/,,SaaS,0.88,,<$1M,0.78,y,y,SaaS,n,Beverage retail data API,<$1M,1-10,"AI: fetch ok; BoozeData exposes LCBO catalog, per-store inventory and sales data to AI agents via MCP with a free tier and $100/mo Pro plan, no team or customer info, Proton mail, a solo or tiny project."
saas,smsidx.com,https://smsidx.com/,,SaaS,0.58,Marketing,,,n,n,Junk,n,,,,"AI: fetch ok; the page says 'Coming soon' with only login and demo-request links and one testimonial, no product detail, pricing or company, so a coming-soon shell rather than a launched business."
saas,packthecalendar.com,https://packthecalendar.com/,,SaaS,0.7,DevTools,<$1M,0.73,y,n,Agency,n,B2B lead generation / appointment setting,<$1M,1-10,"AI: fetch ok via redirect to leadsthat.show; Leads That Show runs cold email, calling and LinkedIn outbound for clients at about $500 per booked meeting with 7 named clients and 2,000+ meetings booked, a done-for-you service not software."
saas,elandfill.io,https://elandfill.io/,,SaaS,0.92,Data & Analytics,<$1M,0.75,y,y,SaaS,n,Environmental / landfill management software,$1M-$10M,11-50,"AI: fetch ok; eLandfill by ReSource International ehf (Reykjavik) consolidates gas, leachate, asset and inspection data for landfill operators, used at 43+ sites in 11 countries by SUEZ, Veolia and FCC, so an established niche vendor behind a small engineering firm."
saas,senorslushy.com,https://senorslushy.com/,,SaaS,0.56,,<$1M,0.74,n,n,Junk,n,,,,AI: fetch ok; the domain shows the stock WestHost 'Welcome to your new website' hosting placeholder with no content of its own.
saas,routable.com,https://routable.com/,1262862,SaaS,0.85,Marketing,$1M-$10M,0.8,y,y,SaaS,n,AP automation & mass payouts fintech,$10M-$100M,51-200,"AI: fetch ok; Routable sells mass payouts to 220+ countries, vendor management and AP automation with named customers (Polestar, PrizePicks, Fora), SOC 2, NetSuite/Sage/QuickBooks integrations; VERIFIED employees 51-500 and a venture-backed mid-stage fintech put revenue in the tens of millions, predicted industry Marketing is wrong."
saas,sitecheckertools.com,https://sitecheckertools.com/,,SaaS,0.85,Marketing,<$1M,0.61,y,y,SaaS,y,SEO software,$1M-$10M,11-50,"AI: fetch ok via redirect to sitechecker.pro; SEO crawler, rank tracker and monitoring for agencies owned by Cyber Circus Limited (Gibraltar), 1000+ teams and 350+ Capterra reviews, so above $1M ARR, predicted <$1M is too low."
saas,quantumedgesolution.org,https://quantumedgesolution.org/,,SaaS,0.55,Marketing,<$1M,0.8,n,n,Junk,n,,,,"AI: fetch ok but the Vercel page rendered only a title with no body, services, pricing or contact; stored meta lists generic 'digital marketing, SEO, web development and SaaS', an empty shell on Hostinger mail."
saas,trafe.net,https://trafe.net/,,SaaS,0.69,,<$1M,0.71,y,y,SaaS,n,Car rental management software,<$1M,1-10,"AI: fetch ok via redirect to trafe.io; rental contract, damage documentation, ID fraud check and fleet management software for car rental firms from Koesching, Germany, affiliated with simplii RENT (2021), 5 named staff, quote-based pricing."
saas,ivonarestaurant.ca,https://ivonarestaurant.ca/,,SaaS,0.56,,,,n,n,Junk,n,,,,"AI: fetch ok; the domain shows the Web Hosting Canada 'registered on behalf of a client' parking page, no restaurant content."
saas,tumabill.com,https://tumabill.com/,,SaaS,0.85,Fintech,<$1M,0.76,n,n,Junk,n,,,,"AI: fetch ok but the page contains only the word 'Tumabill' with no product, pricing or contact, and the stored title/meta are equally empty, so an empty shell of unknown purpose."
saas,workreadypro.com,https://workreadypro.com/,,SaaS,0.74,DevTools,<$1M,0.75,n,n,Junk,n,,,,"AI: fetch redirected to bubble.io/domain_not_supported, i.e. an unconfigured Bubble app; the stored title/meta are Bubble's own marketing text, nothing of the intended product exists."
saas,premiumbreed.com,https://premiumbreed.com/,,SaaS,0.88,,<$1M,0.66,y,y,SaaS,n,Animal pedigree / breed registry software,<$1M,1-10,"AI: fetch ok; PremiumBreed sells online pedigree building and breed-society membership management from $9/mo (individuals) and $12/mo (societies), 5,802 users and 80,720 pedigrees since 2012, which at those prices stays well under $1M."
saas,aromar.com.au,https://aromar.com.au/,,SaaS,0.62,,<$1M,0.74,n,n,Junk,n,,,,"AI: fetch ok; the domain shows a stock 'New Web Hosting Account' welcome page with a control-panel link, no site content."
saas,thetoys.com.au,https://thetoys.com.au/,,SaaS,0.62,,<$1M,0.66,n,n,Junk,n,,,,"AI: fetch ok; the domain shows HostPapa's default 'Welcome to HostPapa' getting-started page, no site content."
saas,langecloud.de,https://langecloud.de/,,SaaS,0.48,,,,n,n,Junk,n,,,,"AI: fetch failed on both schemes because the host serves Hetzner's *.your-server.de certificate; stored title is 'HTTPS Not Available', so an unconfigured server on a personal domain, nothing served."
saas,quantaseal.io,https://quantaseal.io/,,SaaS,0.84,,<$1M,0.74,y,y,SaaS,n,Post-quantum cybersecurity software,<$1M,1-10,"AI: fetch ok; QuantaSeal Pty Ltd (Melbourne, ABN listed) sells post-quantum encryption middleware and API gateway with a free developer tier and enterprise pricing on request, founder-led with no customers or funding named, early stage."
saas,modireazad.com,https://modireazad.com/,,SaaS,0.54,Ecommerce & Retail,<$1M,0.68,y,y,SaaS,n,Print shop quoting software,<$1M,1-10,"AI: fetch ok; Persian-language subscription system that auto-calculates offset print quotes (business cards, boxes, books) for print shops, free first month then paid packages, eNamad trust seals, a small Iranian software vendor, predicted Ecommerce & Retail industry is wrong."
saas,senowa.co.jp,https://senowa.co.jp/,,SaaS,0.56,,,,n,n,Junk,n,,,,"AI: fetch ok; the domain shows the Plesk 'Domain Default page', no company content despite the co.jp and own MX."
saas,ai-analysis.co.uk,https://ai-analysis.co.uk/,,SaaS,0.83,DevTools,<$1M,0.81,y,y,SaaS,n,Payment orchestration (fintech),<$1M,1-10,"AI: fetch ok; AI Analysis Limited (Borehamwood, company 16311766, incorporated 2025) markets enterprise payment orchestration with uptime/latency claims but no named customers, pricing or team, Hostinger mail, so a newly formed micro venture, predicted DevTools industry is off."
saas,smetroapp.com,https://smetroapp.com/,,SaaS,0.85,Productivity,<$1M,0.74,y,y,SaaS,n,Finance process management (BPM) software,<$1M,11-50,"AI: fetch ok; Smetro by Pandoviva Yazilim (Turkey) unifies invoice, expense, budget and AP/AR approvals with AI agents and SAP/NetSuite/Dynamics integrations, 7-8 named Turkish corporate clients, demo-only pricing, small vendor."
offline,kg-cpa.co.il,https://kg-cpa.co.il/,,Consulting,0.85,,<$1M,0.87,y,y,Consulting,n,Accounting firm,<$1M,1-10,"AI: fetch OK; Netanya CPA office (accounting, tax, audit, M&A) led by an ex-EY partner with one office and no headcount shown, so a small firm under $1M."
offline,tenpy.co,https://tenpy.co/,,Consulting,0.56,Travel,<$1M,0.83,y,n,LocalBusiness,y,Tiny-cabin nature stays,<$1M,11-50,"AI: fetch OK; Tenpy rents its own tiny cabins in three Indian regions (Bangalore, Mumbai, NCR) with meals and retreats, hospitality operator not consulting; press mentions but no scale numbers, so under $1M."
offline,quattoracademia.com.br,https://quattoracademia.com.br/,,Education,0.85,Education,<$1M,0.85,y,n,LocalBusiness,n,Fitness gym,<$1M,11-50,"AI: fetch OK; a single gym in Aguas Claras, Brasilia with pool, ballet and boxing classes, open 5am-11pm; a neighbourhood gym, not a school."
offline,icancontabil.com.br,https://icancontabil.com.br/,,Consulting,0.59,Productivity,$1M-$10M,0.61,y,y,Consulting,n,Accounting firm,<$1M,1-10,"AI: WebFetch got 403, curl worked; ICAN is a small accounting office in Santa Catarina (company opening, bookkeeping, payroll) with a team page but no headcount, so small and under $1M."
offline,juancarlosloza.com,https://juancarlosloza.com/,,Agency,0.68,Marketing,<$1M,0.84,y,y,Agency,y,Digital marketing and web development,<$1M,1-10,"AI: fetch OK; solo Spanish digital marketer selling web/ecommerce builds, SEO and paid campaigns with client testimonials and a blog; one-person shop."
offline,aanensen.com.au,https://aanensen.com.au/,,Consulting,0.56,Fintech,<$1M,0.83,y,y,Consulting,y,Financial services compliance consulting,<$1M,1-10,"AI: fetch OK; boutique Australian AFSL/AML regulatory advisory for fintech and remittance firms, over a decade of experience claimed, no team listed."
offline,aljxdro.com,https://aljxdro.com/,,LocalBusiness,0.51,Media & Entertainment,$1M-$10M,0.48,y,y,LocalBusiness,y,Event DJ services,<$1M,1-10,"AI: 301 to alexspi.nz, fetched there; solo DJ in McAllen TX at $100/hr plus equipment rental and monthly events, far below the predicted $1M-$10M."
offline,gsmrepairstore.nl,https://gsmrepairstore.nl/,,LocalBusiness,0.76,,<$1M,0.73,y,y,LocalBusiness,n,Phone repair shop,<$1M,1-10,"AI: fetch OK; single phone/tablet/console repair shop in Tilburg with 706 Google reviews, appointment booking but no online checkout."
offline,educacao.biz,https://educacao.biz/,,Education,0.9,Education,<$1M,0.72,y,n,Media,y,Education news portal,<$1M,1-10,"AI: fetch OK; Portuguese-language education news and course/job aggregator with 50+ articles dated 2018-2022 linking to external providers, a content site rather than a course provider."
offline,studiothomas.co.uk,https://studiothomas.co.uk/,,Agency,0.94,Fashion,$1M-$10M,0.62,y,y,Agency,n,Branding and design studio,<$1M,1-10,"AI: fetch OK; London branding studio with a six-project portfolio (coffee, honey, art fair) and no team page; a small studio, not fashion and under $1M."
offline,weisssieker.de,https://weisssieker.de/,,Consulting,0.53,,<$1M,0.75,y,y,Consulting,n,IT services,<$1M,1-10,"AI: fetch OK; one-person IT security, development and cloud consultancy under Jan Weisssieker's own name with a side app (Spoonwise)."
offline,andrewsnewby.co.uk,https://andrewsnewby.co.uk/,,Agency,0.58,Real Estate,<$1M,0.82,y,n,Consulting,n,Structural engineering,$1M-$10M,11-50,"AI: fetch OK; structural and civil engineering consultancy in Hampshire, 35+ years old with commercial and residential clients and open vacancies, a professional practice not a creative agency."
offline,dekkomotion.com,https://dekkomotion.com/,,Agency,0.5,Home & Garden,<$1M,0.74,y,y,Agency,n,Photography and video production,<$1M,1-10,"AI: fetch OK; Bali studio doing wedding, architecture and food photography/cinematography plus web design, one Denpasar office, copyright 2021."
offline,melissapastor.ca,https://melissapastor.ca/,,Agency,0.5,,<$1M,0.8,n,n,Junk,n,MLM recruitment funnel,,,"AI: TLS cert mismatch (landpage.co), curl worked; a landing-page-builder funnel pushing a 'proven automated platform' webinar with results-vary disclaimer, a recruitment scam template selling nothing concrete."
offline,mobilesolutionsworcester.co.uk,https://mobilesolutionsworcester.co.uk/,,LocalBusiness,0.63,,<$1M,0.82,y,y,LocalBusiness,n,Phone repair shop,<$1M,1-10,"AI: fetch OK; phone and laptop repair chain with three Worcestershire shops (Worcester, Malvern, Pershore), same-day repairs, no online sales."
offline,chainresearchconsulting.com,https://chainresearchconsulting.com/,,Consulting,0.58,Marketing,<$1M,0.87,y,y,Consulting,n,Clinical research quality assurance consulting,<$1M,1-10,AI: fetch OK; US pharma/clinical GCP-GLP audit and QA consultancy on a Wix site with minimal content and no team listed.
offline,rustaminfotech.com,https://rustaminfotech.com/,,Consulting,0.46,AI & ML,,,y,n,SaaS,n,School and hospital management software,<$1M,11-50,"AI: fetch OK; Jhansi firm selling its own School ERP, hospital HMS and CRM products bundled with biometric/RFID hardware to 200+ institutions; product company at Indian pricing, so under $1M."
offline,chorapompei.com,https://chorapompei.com/,,Consulting,0.56,,<$1M,0.87,y,n,LocalBusiness,n,Restaurants,$1M-$10M,11-50,"AI: fetch OK; four food venues (restaurant, cafe, self-service, wine bar) inside the Pompeii Archaeological Park, operated by the CIRFOOD cooperative; high-traffic tourist site so low millions."
offline,lime-xl.com,https://lime-xl.com/,,Agency,0.47,Marketing,<$1M,0.72,y,y,Agency,y,Advertising and communications agency,<$1M,1-10,"AI: https fetch blocked, http worked; Spanish advertising/communications/consulting agency site with team and client pages but almost no body copy."
offline,keystonemtg.com,https://keystonemtg.com/,,Agency,0.62,Fintech,<$1M,0.68,y,n,Consulting,n,Mortgage brokerage,<$1M,1-10,AI: fetch OK on www; Texas mortgage broker (Keystone Mortgage Solutions LLC) with testimonial-led landing page and four named staff; a broker is Consulting per the rules.
offline,clacparis.com,https://clacparis.com/,,Consulting,0.56,,<$1M,0.87,y,n,Community,n,Luthier and bow-maker collective,<$1M,1-10,AI: fetch OK on www; CLAC is a collective of Paris luthiers and bow makers running a member gallery with bookable 90-minute instrument trials; an association centered on its members.
offline,studyroomtraining.co.uk,https://studyroomtraining.co.uk/,,Education,0.5,,<$1M,0.45,y,y,Education,n,Care-sector training,<$1M,1-10,"AI: fetch OK on www; CPD-approved moving and handling / medication training for care staff at one training house in Welwyn Garden City, small groups."
offline,casinamozart.it,https://casinamozart.it/,,LocalBusiness,0.5,,<$1M,0.87,y,y,LocalBusiness,n,Bed and breakfast,<$1M,1-10,"AI: fetch OK on www but the Wix page is menu-only (Camere, Servizi, Galleria); a villa B&B near Lecce in Salento."
offline,topqualitycoating.com,https://topqualitycoating.com/,,LocalBusiness,0.63,Construction & Manufacturing,<$1M,0.65,y,y,LocalBusiness,y,Epoxy floor coating contractor,<$1M,1-10,"AI: fetch OK on www; family-owned epoxy and polyaspartic flooring contractor in Naples FL since 2018, 49 Google reviews, two founders."
offline,izayathecomposer.com,https://izayathecomposer.com/,,Agency,0.44,,<$1M,0.85,n,n,Junk,n,,,,"AI: https TLS error; http returns the Hostinger 'Your domain is expired' page, so the site is gone."
online,kaminfeuer.net,https://kaminfeuer.net/,,Tool,0.58,Media & Entertainment,<$1M,0.74,y,n,Media,y,Fireplace video streaming,<$1M,1-10,"AI: fetch OK; free 4K fireplace videos monetised by AdSense, YouTube and licensing, run by a small Dusseldorf team (Infintiymind UG); a content site, not a utility."
online,cigarforum.net,https://cigarforum.net/,,Directory,0.51,,<$1M,0.44,n,n,Junk,n,,,,AI: fetch OK; Sedo 'This website is for sale' parking page.
online,christianassemblyofschriever.com,https://christianassemblyofschriever.com/,,Community,0.76,,<$1M,0.68,y,y,Community,n,Church,<$1M,1-10,"AI: fetch returned a 200 with an empty body on both https and http; judged from the stored title, a church congregation in Schriever, Louisiana."
online,afziguinchor.org,https://afziguinchor.org/,,Community,0.46,,$1M-$10M,0.52,y,n,Education,n,French language school and cultural center,<$1M,11-50,"AI: fetch OK; Alliance Francaise branch in Ziguinchor, Senegal selling French courses from 70,000 FCFA plus exams, a media library and events; primary product is teaching."
online,grao.ee,https://grao.ee/,,Tool,0.53,,<$1M,0.69,n,n,Junk,n,,,,"AI: fetch OK but the page is an untouched create-react-app shell ('Web site created using create-react-app', 'enable JavaScript') with only the word Grao; unknown name, no content, treated as an empty shell."
online,grandprixsales.nl,https://grandprixsales.nl/,,Marketplace,0.57,Ecommerce & Retail,<$1M,0.65,y,y,Marketplace,y,Sport horse auctions,<$1M,1-10,"AI: fetch OK; online auction platform for jumping/dressage foals and embryos consigned by breeders and selected by independent professionals, record lots of EUR 32k; commission business with a small team."
online,solevant.com,https://solevant.com/,3475209,Directory,0.6,Marketing,<$1M,0.67,y,y,Directory,n,Software review directory,<$1M,1-10,"AI: fetch OK; software discovery and review site with categories, compare tool and vendor 'Get Listed'; Tranco 3.4M and a personal MX host point to a tiny early-stage operation."
online,pusdn.com,https://pusdn.com/,,Tool,0.58,DevTools,<$1M,0.68,n,n,Junk,n,,,,"AI: fetch OK; JaneYork's personal Hexo dev blog (77 posts, last update 2022, donation link only), a personal blog selling nothing."
online,bimutilityhub.com,https://bimutilityhub.com/,,Tool,0.47,DevTools,<$1M,0.73,y,n,SaaS,n,Construction BIM software,<$1M,1-10,"AI: WebFetch saw only the header; curl shows SoftwareApplication schema with a free tier 'up to 5 ACC projects', i.e. a web app with paid tiers for Revit model auditing, one-person gmail-contact project."
online,zavoi.de,https://zavoi.de/,,Media,0.44,Security,<$1M,0.74,n,n,Junk,n,,,,AI: cert mismatch; curl returns the goneo hosting placeholder 'Fur diese Domain wurden keine Inhalte hinterlegt'.
online,globalagilepublishers.com,https://globalagilepublishers.com/,,Media,0.6,,<$1M,0.73,y,n,Agency,n,Book publishing services,<$1M,1-10,"AI: fetch OK; ghostwriting, editing and self-publishing services outfit in Windsor UK claiming 150+ books across 45 countries, no team or pricing and some placeholder metrics; a small services mill doing work for authors."
online,updateculture360.co.uk,https://updateculture360.co.uk/,1169101,Media,0.85,,<$1M,0.82,n,n,Junk,n,,,,"AI: fetch OK; single-author generic 'news' site whose blog-roll sections link to casinos-not-on-GamStop, a gambling affiliate link farm."
online,stix.do,https://stix.do/,1825840,Directory,0.59,,<$1M,0.64,y,n,Community,n,Internet exchange point,<$1M,1-10,"AI: fetch OK; STIX is the neutral Dominican internet exchange (AS64153) run by the ADOTIC association connecting ISPs, CDNs and data centres as members; not a directory."
online,acte-cao.com,https://acte-cao.com/,,Marketplace,0.55,Ecommerce & Retail,<$1M,0.74,n,n,Junk,n,,,,"AI: cert is for nux3.namebay.com; page body is just the Namebay server hostname, a hosting placeholder."
online,cuttingclubbeauty.co.nz,https://cuttingclubbeauty.co.nz/,,Community,0.51,,<$1M,0.54,n,n,Junk,n,,,,"AI: fetch OK; former salon domain now a generic six-topic blog (SEO, finance, real estate) with placeholder images, three posts and no bylines, a guest-post farm."
online,tasmo.de,https://tasmo.de/,,Media,0.58,Media & Entertainment,<$1M,0.75,n,n,Junk,n,,,,"AI: WebFetch cert error (gitlab.io), curl worked; personal Jekyll weblog of DJ Thomas Friese with mixes and podcast jingles, donations only, selling nothing."
online,radiostatic.net,https://radiostatic.net/,,Directory,0.47,Ecommerce & Retail,<$1M,0.79,n,n,Junk,n,,,,"AI: fetch OK; page contains only 'R A D I O S T A T I C', 'It's a URL on the web' and 'copyright nope', an empty joke page."
online,tomab.it,https://tomab.it/,,Tool,0.54,DevTools,<$1M,0.74,n,n,Junk,n,,,,"AI: WebFetch DNS failed on www, curl worked; Person schema for developer Tommaso Abitante linking to a portfolio, a personal CV page selling nothing."
online,innerground.org,https://innerground.org/,,Community,0.45,,<$1M,0.96,y,n,Nonprofit,n,Spiritual retreats and soul care,<$1M,1-10,"AI: fetch OK on www; Greensboro NC organisation with a Donate button and board of directors offering retreats, spiritual direction and community circles rooted in Christian wisdom."
online,shoc-inc.com,https://shoc-inc.com/,,Newsletter,0.51,,<$1M,0.94,y,n,LocalBusiness,n,Real estate investment,<$1M,1-10,"AI: fetch OK on www; the stored default-WordPress title is stale, the live site is SHOC Inc, a Laguna Beach real estate holding company buying homes via tax lien and tax deed auctions, one contact person."
online,sendaxis.com,https://sendaxis.com/,,Media,0.71,Marketing,<$1M,0.74,n,n,Junk,n,,,,"AI: cert error on www, curl on apex worked; untouched Twenty Twenty-Five WordPress install with 'Hello world!' and Sample Page only."
online,bildirio.com,https://bildirio.com/,391923,Media,0.85,,,,y,y,Media,n,Online news,<$1M,1-10,"AI: fetch OK on www; Turkish general news portal with columnists, live gold/currency widgets, AdSense and Tranco 392k, no publisher named; a small newsroom."
online,antricalabs.com,https://antricalabs.com/,,Media,0.62,AI & ML,$1M-$10M,0.48,y,n,Agency,y,Custom software and AI automation,<$1M,1-10,"AI: fetch OK on www; founder-led shop building websites, apps and AI automations for SMBs ('I read every email'), no clients or pricing shown, so a one-person agency under $1M."
online,maripapel.com,https://maripapel.com/,,Media,0.7,,<$1M,0.82,n,n,Junk,n,,,,AI: fetch OK; 'New WordPress website is being built' coming-soon page.
online,ttenergygroup.co.uk,https://ttenergygroup.co.uk/,,Community,0.44,,<$1M,0.74,n,n,Junk,n,,,,AI: fetch OK but the response is 521 bytes with only a title tag and no body content; an empty page.
online,unitedrise.org,https://unitedrise.org/,,Community,0.64,Food & Beverage,<$1M,0.9,y,n,Nonprofit,n,Refugee support services (community cafe),<$1M,1-10,"AI: fetch worked; Irish nonprofit community coffee hub offering meals, legal guidance, mental health and job support to refugees and asylum seekers, single location, copyright 2025, no team page, so a tiny cause-driven org rather than a food business."
online,juniorgiacarelli.com.br,https://juniorgiacarelli.com.br/,,Media,0.58,,<$1M,0.7,y,n,Consulting,n,Online crisis management consulting,<$1M,1-10,"AI: fetch worked; minimal business-card site for a Brazilian solo consultant selling internet crisis management and marketing advisory with only an email contact, so a one-person advisory practice, not a media site."
online,dessertfest.com,https://dessertfest.com/,,Directory,0.49,Ecommerce & Retail,,,n,n,Junk,n,,,,"AI: fetch worked; standard 'This website is for sale' parking page with no content, MX points to localhost, so parked domain."
online,onlinereports.se,https://onlinereports.se/,,Media,0.79,Fintech,,,y,n,SaaS,n,Financial reporting and investor relations software,<$1M,1-10,"AI: fetch worked; Swedish web platform for producing digital annual, interim and sustainability reports for listed companies, 35+ published reports and clients like Epiroc and AddLife, no pricing or team page, so a small software vendor; revenue estimated from the small report count and absent team page, IR reporting software is not fintech."
online,thefutureorg.com,https://thefutureorg.com/,,Community,0.45,,<$1M,0.79,y,n,Consulting,n,Public-interest research and evaluation consulting,<$1M,1-10,"AI: fetch worked; Pasadena firm doing research, program evaluation and strategy for nonprofits and government (LA County study with 625 residents), two named directors plus a roster of independent experts, so a small advisory boutique rather than a community."
online,heybrittinirae.com,https://heybrittinirae.com/,,Community,0.42,,<$1M,0.8,y,n,Agency,n,UGC video content creation for brands,<$1M,1-10,"AI: root redirects to a Canva site, fetched via curl; Wisconsin content creator and Amazon influencer selling UGC videos, product photography and branded posts to brands with a deliverables list, workflow and invoice process, so a one-person creative services business, not a community."
online,superseo.nl,https://superseo.nl/,,Tool,0.62,Marketing,$1M-$10M,0.62,y,n,SaaS,y,SEO software,<$1M,1-10,"AI: fetch worked; Dutch 'SuperSEO OS' AI SEO software sold as a subscription with free trial and pricing page, no team or customer counts shown, Vercel/Astro stack, so a small early-stage SaaS, not a free tool; revenue estimated below the predicted $1M-$10M for lack of any scale evidence."
online,rayone.co,https://rayone.co/,,Tool,0.56,Home & Garden,<$1M,0.84,y,n,Marketplace,n,Clothing customization by independent artisans,<$1M,1-10,"AI: fetch worked despite the 'Your Site Title' stored title; French Squarespace site connecting customers with independent embroiderers, painters and illustrators to personalize garments, quotes over WhatsApp and payment through the platform, portfolio and testimonials, so a small artisan booking marketplace, not a tool."
online,prokantin.com,https://prokantin.com/,1319486,Media,0.82,,<$1M,0.88,n,n,Junk,n,,,,"AI: fetched http://www via curl; unrelated domain name repurposed as a Chinese pirate film and TV streaming aggregator (西瓜影院) with no company identity, so junk rather than a media business."
online,pdjournal.com,https://pdjournal.com/,924745,Media,0.57,Marketing,$1M-$10M,0.73,y,y,Media,n,Broadcasting industry news,<$1M,11-50,"AI: fetch worked; PD Journal is a Korean broadcasting trade news outlet published by the Korean PD Association since 2007 from the Korean Broadcasting Hall in Seoul with an editor-in-chief and office staff, AdSense monetized, Tranco 925k, so a small trade publication; predicted 'Marketing' industry is wrong, it is journalism."
online,so-mise.com,https://so-mise.com/,,Newsletter,0.54,Ecommerce & Retail,<$1M,0.74,y,n,SaaS,n,Restaurant shift scheduling software,<$1M,1-10,"AI: root redirects to app.so-mise.com, fetched via curl; German shift-planning software for restaurants, marketing page under reconstruction but the product stays live with a customer login, run by a single named owner (Ole Ullenboom), so a tiny SaaS, not a newsletter."
online,afzw.nl,https://afzw.nl/,,Community,0.69,Healthcare,<$1M,0.59,y,y,Community,y,Physiotherapy practice alliance,<$1M,1-10,"AI: fetch worked; AFZW is a regional alliance of physiotherapy practices in Zaanstreek-Waterland (networks since 2004, merged 2023) that coordinates members, negotiates with insurers and runs a care finder, a member association rather than a clinic, with a tiny coordinating staff."
online,revistamultisertao.com.br,https://revistamultisertao.com.br/,,Newsletter,0.53,,<$1M,0.89,y,n,Media,n,Academic journal publishing,<$1M,1-10,"AI: fetch worked; quarterly peer-reviewed multidisciplinary academic journal (ISSN 2675-0945) run by UNIFIS university center in the Brazilian sertao with free archived volumes since 2019, so a small institutional publication, not an email newsletter."
online,mijnsgd.nl,https://mijnsgd.nl/,,Community,0.72,,<$1M,0.74,y,y,Community,n,Dialysis software user group,<$1M,1-10,"AI: WebFetch refused the domain, fetched via curl; SGD is a Dutch user group of dialysis centres running the Diamant software, with a four-person board, meeting agendas and minutes, a forum and shared reports, a volunteer member association with no commercial activity."
online,redditchconservatives.org.uk,https://redditchconservatives.org.uk/,,Media,0.6,,$10M-$100M,0.83,y,n,Community,n,Local political party association,<$1M,1-10,"AI: fetch blocked by a Cloudflare JS challenge, judged from stored fields; Redditch County Conservative Association, a local party membership body with join, renew and donate flows, a membership association not a media outlet, and a local association is far below the predicted $10M-$100M."
online,paduarates.com.br,https://paduarates.com.br/,,Media,0.45,,<$1M,0.88,n,n,Junk,n,,,,"AI: fetch worked on www; personal author page for Padua Rates promoting one 2023 book of reflections with social links and a contact form, no shop or business activity on the site, so a personal blog rather than a business."
online,ikwilopvallen.nl,https://ikwilopvallen.nl/,,Community,0.55,Media & Entertainment,<$1M,0.75,y,n,Nonprofit,n,Charity fundraising walking group,<$1M,1-10,"AI: fetch worked on www; group of friends from Apeldoorn walking the Nijmegen 4Daagse since 2000 to raise attention and donations for Recovery Run (sport after cancer), around 20 sponsors, a donation bank account and merchandise, a volunteer fundraising initiative with no staff."
online,neteco.at,https://neteco.at/,1081650,Community,0.51,Security,<$1M,0.55,y,n,LocalBusiness,n,Managed IT services and hardware,$1M-$10M,11-50,"AI: fetch worked on www; Austrian IT systems house in Groedig near Salzburg selling hardware, networks, cloud, VoIP phone systems and dictation software with 24/7 support, a jobs page, team page and news since 2024, Tranco 1.08M, so an established regional IT service provider; revenue estimated from the service breadth and hiring."
online,multitechnindo.com,https://multitechnindo.com/,,Community,0.44,Ecommerce & Retail,<$1M,0.77,n,n,Junk,n,,,,"AI: fetch worked; only a 'Website Under Maintenance' placeholder for PT Multi Technindo in Batam, Indonesia, with a sales email and address but nothing about what it sells, so a placeholder page even though a company sits behind it."
online,rodomarket.com.br,https://rodomarket.com.br/,,Marketplace,0.62,,<$1M,0.8,y,n,Media,n,In-bus Wi-Fi advertising media,<$1M,1-10,"AI: fetch failed with Cloudflare 522 on both hosts, judged from stored fields; RodoMarket sells free bus Wi-Fi via Starlink as an advertising channel with sponsored video and an onboard shop for advertisers, essentially an indoor ad network with a marketplace add-on, Tailwind static site and no MX, so an early-stage startup."
